종목코드,종목명,종가,대비,등락률,순자산가치(NAV),시가,고가,저가,거래량,거래대금,시가총액,순자산총액,상장좌수,기초지수_지수명,기초지수_종가,기초지수_대비,기초지수_등락률
"152100","ARIRANG 200","39820","940","2.42","39802.13","38735","39830","38640","767247","30206764355","784454000000","784101952847","19700000","코스피 200","389.29","8.02","2.10"
"295820","ARIRANG 200동일가중","10115","160","1.61","10093.06","9955","10115","9955","131","1317780","6069000000","6055834611","600000","코스피 200 동일가중지수","2180.36","31.12","1.45"
"253150","ARIRANG 200선물레버리지","42520","1880","4.63","42472.56","40335","42610","40205","9613","400520430","14882000000","12741769084","350000","코스피 200 선물지수","1945.71","41.00","2.15"
"253160","ARIRANG 200선물인버스2X","5020","-250","-4.74","5035.35","5330","5330","5010","223324","1146589045","17570000000","17371971359","3500000","코스피 200 선물지수","1945.71","41.00","2.15"
"278420","ARIRANG ESG우수기업","8650","95","1.11","8637.54","8560","8650","8535","357","3065080","5622500000","5614402086","650000","WISE ESG우수기업 지수","1167.06","8.58","0.74"
"292750","ARIRANG KRX300","18430","500","2.79","18419.96","18000","18435","18000","116","2117620","16587000000","16577966696","900000","KRX 300","1794.81","33.73","1.92"
"309170","ARIRANG KRX300IT","18460","590","3.30","18422.87","17970","18460","17850","4085","73570085","9230000000","9211433035","500000","KRX300 정보기술","2762.79","68.58","2.55"
"309210","ARIRANG KRX300헬스케어","16785","5","0.03","16884.00","16860","16870","16580","3283","54903910","8728200000","8779681927","520000","KRX300 헬스케어","4704.97","0.66","0.01"
"333940","ARIRANG KS로우볼가중TR","12900","305","2.42","12882.85","12645","12900","12630","1290","16604095","7740000000","7729709535","600000","FnGuide KS 로우볼 가중 TR 지수","2259.12","35.18","1.58"
"333950","ARIRANG KS로우사이즈가중TR","15300","440","2.96","15283.30","14960","15300","14940","6538","99491920","7650000000","7641650064","500000","FnGuide KS 로우사이즈 가중 TR 지수","2450.54","50.22","2.09"
"333960","ARIRANG KS모멘텀가중TR","15365","485","3.26","15345.08","14965","15365","14950","6254","95503050","13060250000","13043321898","850000","FnGuide KS 모멘텀 가중 TR 지수","2193.98","49.37","2.30"
"333970","ARIRANG KS밸류가중TR","14330","365","2.61","14309.33","14005","14330","13990","10690","151922905","10031000000","10016530343","700000","FnGuide KS 밸류 가중 TR 지수","2226.96","40.10","1.83"
"333980","ARIRANG KS퀄리티가중TR","14910","385","2.65","14890.23","14590","14910","14585","1179","17548240","10437000000","10423162821","700000","FnGuide KS 퀄리티 가중 TR 지수","2267.40","38.72","1.74"
"269530","ARIRANG S&P글로벌인프라","10240","5","0.05","10323.37","10240","10240","10235","109","1116045","5120000000","5161683746","500000","S&P Global Infrastructure Index","2543.61","3.77","0.15"
"251590","ARIRANG 고배당저변동50","9970","80","0.81","9955.89","9890","9970","9840","5443","53856630","20937000000","20907369609","2100000","FnGuide 고배당저변동50 지수","1696.26","3.67","0.22"
"161510","ARIRANG 고배당주","10730","-20","-0.19","10784.16","10790","10790","10625","213748","2285334305","185414400000","186350199188","17280000","FnGuide 배당주 지수","10241.72","-22.28","-0.22"
"251600","ARIRANG 고배당주채권혼합","10490","15","0.14","10484.94","10475","10490","10425","3729","38947615","11539000000","11533434115","1100000","FnGuide 고배당 채권혼합 지수","2594.25","-2.14","-0.08"
"289670","ARIRANG 국채선물10년","57200","-140","-0.24","57234.46","57320","57320","57195","29","1661505","6406400000","6410260053","112000","10년국채선물지수","1362.09","-3.05","-0.22"
"298340","ARIRANG 국채선물3년","53470","-10","-0.02","53465.43","53420","53470","53420","47","2511690","8341320000","8554469328","156000","국채선물지수","1270.13","-0.23","-0.02"
"189400","ARIRANG 글로벌MSCI(합성 H)","15820","55","0.35","15718.08","15645","15820","15645","1314","20737465","8068200000","8016223050","510000","MSCI ACWI Index","645.29","2.29","0.36"
"278620","ARIRANG 단기채권액티브","105740","0","0.00","105760.40","105750","105750","105740","330","34895155","22945580000","22950006938","217000","KAP 투자적격 크레딧 채권 1년 지수(A- 이상,총수익)","127.51","0.01","0.01"
"269540","ARIRANG 미국S&P500(H)","15200","-65","-0.43","15116.05","15160","15215","15130","15055","228502420","27360000000","27208893848","1800000","S&P 500","3732.04","5.00","0.13"
"287180","ARIRANG 미국나스닥기술주","19150","-195","-1.01","19025.56","19480","19480","19100","11269","215716155","17235000000","17123007032","900000","NASDAQ 100 Technology Sector Index","7529.84","71.19","0.95"
"213630","ARIRANG 미국다우존스고배당주(합성 H)","12445","-55","-0.44","12430.36","12420","12470","12390","7914","98245625","6595850000","6588091249","530000","Dow Jones U.S Select Dividend Index(시장가격지수)","682.37","4.55","0.67"
"332610","ARIRANG 미국단기우량회사채","92460","-430","-0.46","92215.45","92770","92770","92310","435","40232170","21265800000","21209553812","230000","ICE BofaAML 1-3 Year AAA-A US Corporate Index(총수익지수)","527.94","0.06","0.01"
"332620","ARIRANG 미국장기우량회사채","100000","-50","-0.05","99380.85","100050","100050","99440","2099","209508330","26000000000","25839021284","260000","ICE BofaAML 15+ Year AAA-A US Corporate Index(총수익지수)","1457.55","4.92","0.34"
"195970","ARIRANG 선진국MSCI(합성 H)","11375","80","0.71","11268.08","11300","11405","11240","18291","207094820","5915000000","5859403399","520000","MSCI EAFE Index","2161.48","2.23","0.10"
"238670","ARIRANG 스마트베타Quality채권혼합","10820","75","0.70","10814.06","10765","10820","10765","503","5435015","6492000000","6488436020","600000","WISE-KAP 스마트베타 Quality 채권혼합지수","1287.70","4.43","0.35"
"195980","ARIRANG 신흥국MSCI(합성 H)","12280","115","0.95","12167.98","12160","12305","12100","70323","861192030","62136800000","61569982095","5060000","MSCI EM Index","1289.03","22.26","1.76"
"373530","ARIRANG 신흥국MSCI인버스(합성 H)","9815","-105","-1.06","9885.99","9870","9870","9815","3","29505","7066800000","7117915685","720000","MSCI EM Index","1289.03","22.26","1.76"
"256450","ARIRANG 심천차이넥스트(합성)","11790","290","2.52","11603.64","11945","11945","11460","6870","80124430","7074000000","6962182341","600000","SZSE ChiNext Price Index","2900.54","87.54","3.11"
"239660","ARIRANG 우량회사채50 1년","108355","30","0.03","108369.21","108355","108365","108350","455","49301925","13002600000","13004305774","120000","KOBI HALF CREDIT Index(총수익)","11014.59","2.47","0.02"
"280920","ARIRANG 주도업종","11115","280","2.58","11093.99","10845","11115","10820","41904","459699365","8892000000","8875195372","800000","FnGuide 주도업종 지수","1648.46","31.70","1.96"
"266550","ARIRANG 중형주저변동50","10470","205","2.00","10458.93","10345","10470","10340","2093","21775255","8376000000","8367147239","800000","FnGuide 중형주저변동50지수","2004.27","27.39","1.39"
"301400","ARIRANG 코스닥150","15340","55","0.36","15426.49","15340","15415","15165","5432","82832410","6136000000","6170596288","400000","코스닥 150","1532.52","1.47","0.10"
"301410","ARIRANG 코스닥150선물인버스","6885","-5","-0.07","6884.72","6900","6945","6835","20374","140483580","4819500000","4475069893","700000","F-코스닥150 지수","1670.71","3.29","0.20"
"227830","ARIRANG 코스피","29370","540","1.87","29510.21","28825","29545","28750","25606","745787165","27901500000","28034698292","950000","코스피","2873.47","52.96","1.88"
"122090","ARIRANG 코스피50","27840","710","2.62","27833.44","27165","27855","27105","1494","41134355","18374400000","18370070039","660000","코스피 50","2725.20","56.05","2.10"
"328370","ARIRANG 코스피TR","14380","335","2.39","14364.33","14060","14380","14060","374056","5275764430","125106000000","124969642819","8700000","코스피 TR","3385.80","62.40","1.88"
"301440","ARIRANG 코스피중형주","11080","190","1.74","11065.04","10910","11080","10910","118","1302250","6094000000","6085769441","550000","코스피 중형주","2953.99","45.90","1.58"
"285690","FOCUS ESG리더스","9810","115","1.19","9835.50","9710","9815","9705","25","243700","19129500000","19179219296","1950000","KRX ESG Leaders 150","1558.98","19.95","1.30"
"292730","FOCUS KRX300","18500","400","2.21","18504.60","18120","18510","18120","72","1306990","20350000000","20355063062","1100000","KRX 300","1794.81","33.73","1.92"
"293180","HANARO 200","39545","850","2.20","39574.07","38530","39590","38450","262670","10341821640","632720000000","633185081299","16000000","코스피 200","389.29","8.02","2.10"
"332930","HANARO 200TR","46245","1115","2.47","46183.41","44810","46245","44810","7402","337387440","159545250000","159332764134","3450000","코스피 200 TR","460.54","9.49","2.10"
"304780","HANARO 200선물레버리지","25700","1150","4.68","25653.86","24310","25755","24300","3928","98459980","47545000000","47459648334","1850000","코스피 200 선물지수","1945.71","41.00","2.15"
"306520","HANARO 200선물인버스","9770","-225","-2.25","9787.41","10030","10045","9755","18775","186041715","27356000000","27404744651","2800000","코스피 200 선물지수","1945.71","41.00","2.15"
"368190","HANARO Fn K-뉴딜디지털플러스","12185","170","1.41","12224.92","12015","12185","11950","2529709","30627034655","176682500000","177261312509","14500000","FnGuide K-뉴딜 디지털 플러스 지수","2916.77","38.76","1.35"
"367740","HANARO Fn5G산업","11860","115","0.98","11890.85","11745","11865","11720","167975","1980008585","15418000000","15458100478","1300000","FnGuide 5G 산업 지수","2014.57","19.85","1.00"
"346000","HANARO KAP초장기국고채","48800","-110","-0.22","48758.49","48815","48815","48670","1930","93952270","9272000000","9264112434","190000","KAP 초장기 국고채 지수(총수익)","14677.43","-51.96","-0.35"
"304760","HANARO KRX300","18185","305","1.71","18220.18","17685","18185","17685","6077","108906860","16366500000","16398164475","900000","KRX 300","1794.81","33.73","1.92"
"332940","HANARO MSCI Korea TR","16100","340","2.16","16072.15","15710","16100","15680","1103","17637725","410550000000","409839796467","25500000","MSCI Korea TR Index","1603.70","31.41","2.00"
"322400","HANARO e커머스","14705","145","1.00","14777.54","14610","14735","14585","373603","5485737840","45585500000","45810380244","3100000","FnGuide E커머스 지수","2506.65","36.59","1.48"
"322410","HANARO 고배당","8925","-10","-0.11","8924.93","9000","9000","8840","79","702500","19635000000","19634840831","2200000","FnGuide 고배당 알파 지수","1302.12","-1.56","-0.12"
"354350","HANARO 글로벌럭셔리S&P(합성)","14830","10","0.07","14747.22","14825","14850","14725","8560","126530845","8156500000","8110972766","550000","S&P Global Luxury Index","4044.66","34.41","0.86"
"314700","HANARO 농업융복합산업","11270","150","1.35","11284.81","11185","11270","11125","2023","22677155","6198500000","6206646462","550000","FnGuide 농업융복합산업 지수(시장가격)","1351.68","15.83","1.19"
"306540","HANARO 단기통안채","102875","15","0.01","102875.90","102865","102875","102865","221","22733365","377345500000","452962599920","3668000","KAP 단기 통안채 지수(총수익)","12660.56","0.20","0.00"
"304770","HANARO 코스닥150","15325","-45","-0.29","15449.74","15260","15440","15165","104661","1605512335","37699500000","38006362039","2460000","코스닥 150","1532.52","1.47","0.10"
"306530","HANARO 코스닥150선물레버리지","14950","50","0.34","14906.72","14900","15110","14660","7484","111986840","7176000000","5664554068","480000","F-코스닥150 지수","1670.71","3.29","0.20"
"148020","KBSTAR 200","39580","870","2.25","39611.57","38555","39635","38475","396397","15518030280","1185421000000","1186366560246","29950000","코스피 200","389.29","8.02","2.10"
"285000","KBSTAR 200IT","15945","400","2.57","15944.81","15680","15945","15375","3367","53099410","15307200000","15307013390","960000","코스피 200 정보기술","3556.86","89.68","2.59"
"361580","KBSTAR 200TR","19375","-30","-0.15","19853.61","19365","19375","19365","61","1181765","25187500000","25809690520","1300000","코스피 200 TR","460.54","9.49","2.10"
"287300","KBSTAR 200건설","9765","195","2.04","9795.68","9570","9800","9570","5333","52006820","4882500000","4897841251","500000","코스피 200 건설","239.93","5.16","2.20"
"287310","KBSTAR 200경기소비재","10310","120","1.18","10306.27","10190","10310","10190","348","3577160","5361200000","5359260870","520000","코스피 200 경기소비재","1651.06","17.58","1.08"
"290080","KBSTAR 200고배당커버드콜ATM","7215","-100","-1.37","7201.93","7305","7305","7215","36","261120","5050500000","5041353330","700000","코스피 200 고배당커버드콜 ATM 지수(시장가격지수)","985.71","-15.28","-1.53"
"284980","KBSTAR 200금융","7840","10","0.13","7868.66","7810","7840","7720","928","7213855","3920000000","3934330728","500000","코스피 200 금융","600.92","1.71","0.29"
"287320","KBSTAR 200산업재","9475","155","1.66","9471.85","9320","9475","9320","20","187305","4737500000","4735922788","500000","코스피 200 산업재","517.48","7.21","1.41"
"287330","KBSTAR 200생활소비재","8770","70","0.80","8810.03","8770","8770","8770","51","447270","4385000000","4405015214","500000","코스피 200 생활소비재","1162.10","9.04","0.78"
"252400","KBSTAR 200선물레버리지","21470","975","4.76","21432.42","20435","21535","20295","25322","533960575","36499000000","30005381497","1700000","코스피 200 선물지수","1945.71","41.00","2.15"
"252410","KBSTAR 200선물인버스","5505","-140","-2.48","5509.69","5730","5730","5505","3873","21588475","3853500000","3856785722","700000","코스피 200 선물지수","1945.71","41.00","2.15"
"252420","KBSTAR 200선물인버스2X","2515","-130","-4.91","2524.29","2660","2670","2505","665018","1707334455","30180000000","30039022577","12000000","코스피 200 선물지수","1945.71","41.00","2.15"
"284990","KBSTAR 200에너지화학","11775","260","2.26","11830.50","11775","11775","11580","1177","13770595","5887500000","5915251909","500000","코스피 200 에너지/화학","1798.11","35.14","1.99"
"285010","KBSTAR 200중공업","8860","80","0.91","8893.44","8780","8865","8725","972","8541270","4784400000","4802455180","540000","코스피 200 중공업","272.42","3.36","1.25"
"285020","KBSTAR 200철강소재","7120","100","1.42","7125.58","7020","7120","7010","8284","58749670","3702400000","3705302858","520000","코스피 200 철강/소재","737.20","9.72","1.34"
"315480","KBSTAR 200커뮤니케이션서비스","16220","255","1.60","16262.41","15965","16230","15895","1154","18653470","8434400000","8456451448","520000","코스피 200 커뮤니케이션서비스","2593.90","45.54","1.79"
"105780","KBSTAR 5대그룹주","7770","150","1.97","7772.20","7620","7780","7580","9341","72233550","15540000000","15544402120","2000000","MKF 5대그룹주","7694.67","129.39","1.71"
"290130","KBSTAR ESG사회책임투자","12645","285","2.31","12673.77","12320","12645","12320","2986656","37315590215","127714500000","128005102438","10100000","KRX ESG 사회책임경영지수(S)","2073.47","44.14","2.18"
"368200","KBSTAR Fn K-뉴딜디지털플러스","12220","210","1.75","12216.34","12065","12245","11990","2945","35748335","6110000000","6108169291","500000","FnGuide K-뉴딜 디지털 플러스 지수","2916.77","38.76","1.35"
"367760","KBSTAR Fn5G테크","12360","125","1.02","12394.78","12235","12360","12155","739124","9052480550","60564000000","60734433883","4900000","FnGuide 5G 테크 지수","1735.87","24.92","1.46"
"367770","KBSTAR Fn수소경제테마","11560","240","2.12","11568.60","11385","11560","11325","874962","10053740830","56066000000","56107699564","4850000","FnGuide 수소 경제 테마 지수","1453.79","24.48","1.71"
"326240","KBSTAR IT플러스","19690","475","2.47","19690.96","19145","19690","19120","554311","10735174515","53950600000","53953233772","2740000","FnGuide IT플러스 지수","2830.70","68.72","2.49"
"270800","KBSTAR KQ고배당","15330","140","0.92","15338.68","15190","15375","15115","47446","723100275","32193000000","32211229320","2100000","FnGuide KQ고배당포커스 지수","7639.11","58.10","0.77"
"292050","KBSTAR KRX300","18525","350","1.93","18530.05","18135","18525","18130","29058","536636020","48165000000","48178128275","2600000","KRX 300","1794.81","33.73","1.92"
"307010","KBSTAR KRX300레버리지","18580","685","3.83","18549.64","17775","18610","17775","136","2512855","13006000000","12984747620","700000","KRX 300","1794.81","33.73","1.92"
"319870","KBSTAR KRX300미국달러선물혼합","14010","225","1.63","14017.85","13785","14010","13785","7","96945","9807000000","9812496698","700000","KRX 300 미국달러 선물혼합지수","1391.11","20.70","1.51"
"342500","KBSTAR KRX국채선물3년10년스티프너","50965","10","0.02","51004.02","0","0","0","0","0","6115800000","6120482029","120000","국채선물 3년/10년 일드커브 스티프닝 지수(총수익지수)","1243.07","0.72","0.06"
"342600","KBSTAR KRX국채선물3년10년스티프너2X","51685","45","0.09","51688.95","51685","51685","51685","820","42381700","6202200000","6202674307","120000","국채선물 3년/10년 일드커브 스티프닝 지수(총수익지수)","1243.07","0.72","0.06"
"342610","KBSTAR KRX국채선물3년10년플래트너","49775","0","0.00","49776.90","0","0","0","0","0","5973000000","5973228413","120000","국채선물 3년/10년 일드커브 플래트닝 지수(총수익지수)","1213.64","-0.67","-0.06"
"342620","KBSTAR KRX국채선물3년10년플래트너2X","49265","0","0.00","49258.25","0","0","0","0","0","5911800000","5910990308","120000","국채선물 3년/10년 일드커브 플래트닝 지수(총수익지수)","1213.64","-0.67","-0.06"
"234310","KBSTAR V&S셀렉트밸류","14640","305","2.13","14631.02","14335","14640","14320","62","897920","10248000000","10241716384","700000","FnGuide 셀렉트 밸류 지수","2890.29","55.61","1.96"
"241390","KBSTAR V&S셀렉트밸류채권혼합","11985","130","1.10","11971.99","11855","11985","11855","10277","122486245","7191000000","7183195365","600000","FnGuide 셀렉트벨류 채권혼합지수","1933.72","15.13","0.79"
"300640","KBSTAR 게임테마","13285","80","0.61","13345.98","13250","13335","13160","78511","1044299415","25241500000","25357365013","1900000","WISE 게임 테마 지수 (시장가격지수)","6568.18","56.06","0.86"
"266160","KBSTAR 고배당","11415","150","1.33","11433.73","11265","11415","11170","127667","1441128995","16551750000","16578904243","1450000","FnGuide 고배당포커스 지수","7851.10","104.22","1.35"
"114100","KBSTAR 국고채3년","113380","5","0.00","113354.30","113325","113385","113325","105","11901120","37415400000","37406920584","330000","KTB INDEX(시장가격)","10769.10","3.91","0.04"
"282000","KBSTAR 국고채3년선물인버스","99540","100","0.10","99497.20","99495","99540","99495","108","10745820","52756200000","52733518044","530000","국채선물지수","1270.13","-0.23","-0.02"
"295000","KBSTAR 국채선물10년","56465","-85","-0.15","56426.07","56500","56500","56395","45","2539765","6437010000","6432572277","114000","10년국채선물지수","1362.09","-3.05","-0.22"
"295020","KBSTAR 국채선물10년인버스","46725","85","0.18","46779.09","0","0","0","0","0","3831450000","5239258268","82000","10년국채선물지수","1362.09","-3.05","-0.22"
"276650","KBSTAR 글로벌4차산업IT(합성 H)","19850","60","0.30","19662.47","19785","19850","19185","25483","501310395","27790000000","27527461812","1400000","S&P Global 1200 Information Technology and Interactive Media & Services(PR)","1750.48","3.00","0.17"
"336160","KBSTAR 금융채액티브","103165","45","0.04","103148.10","103120","103165","103120","54","5570010","63962300000","63951819687","620000","KIS 종합채권금융채 2.5Y-3Y 지수 (총수익)","124.32","0.03","0.02"
"326230","KBSTAR 내수주플러스","10830","105","0.98","10857.04","10765","10830","10725","9252","99819515","5415000000","5428519021","500000","FnGuide 내수주플러스 지수","1492.86","15.79","1.07"
"272560","KBSTAR 단기국공채액티브","101645","5","0.00","101654.60","101645","101650","101645","462","46959995","74302495000","74309513175","731000","KIS 종합채권국공채3M~1.5Y지수","122.60","0.00","0.00"
"196230","KBSTAR 단기통안채","104175","15","0.01","104175.89","104165","104175","104165","691599","72043880910","160116975000","160014165984","1537000","KIS 통안채 5개월 지수(총수익)","11609.12","1.27","0.01"
"315960","KBSTAR 대형고배당10TR","15180","290","1.95","15192.12","14960","15180","14820","10326","154259145","25047000000","25066997930","1650000","WISE 대형고배당10 TR 지수","1754.14","29.44","1.71"
"252730","KBSTAR 모멘텀로우볼","15110","355","2.41","15097.80","14750","15120","14740","19","284030","9821500000","9813572503","650000","FnGuide 모멘텀&로우볼 지수","3177.49","73.04","2.35"
"252720","KBSTAR 모멘텀밸류","13580","255","1.91","13570.17","13025","13600","13025","2278","30686505","7469000000","7463591692","550000","FnGuide 모멘텀&밸류 지수","2539.57","47.71","1.91"
"219390","KBSTAR 미국S&P원유생산기업(합성 H)","2595","20","0.78","2573.39","2550","2600","2545","402910","1032405735","58517250000","58029951066","22550000","S&P Oil & Gas Exploration & Production Select Industry Index(PR)","2269.64","75.33","3.43"
"354240","KBSTAR 미국고정배당우선증권ICE TR","9725","-50","-0.51","9707.60","9705","9790","9705","918","8943400","8266250000","8251462863","850000","ICE BofAML Core Plus Fixed Rate Preferred Securities Index","181.21","0.37","0.20"
"368590","KBSTAR 미국나스닥100","10450","-50","-0.48","10391.57","10475","10475","10430","81241","848310610","40755000000","43644587158","3900000","NASDAQ 100","12845.36","1.87","0.01"
"267440","KBSTAR 미국장기국채선물(H)","12195","0","0.00","12198.39","12195","12195","12170","36","438825","6097500000","6099193566","500000","S&P U.S. Treasury Bond Futures Excess Return Index","303.56","0.33","0.11"
"267490","KBSTAR 미국장기국채선물레버리지(합성 H)","14310","25","0.18","14345.21","14315","14370","14310","36","515910","7155000000","7172606178","500000","S&P U.S. Treasury Bond Futures Excess Return Index","303.56","0.33","0.11"
"267450","KBSTAR 미국장기국채선물인버스(H)","7690","-20","-0.26","7695.91","7685","7690","7685","14","107595","3845000000","3847957184","500000","S&P U.S. Treasury Bond Futures Excess Return Index","303.56","0.33","0.11"
"267500","KBSTAR 미국장기국채선물인버스2X(합성 H)","5755","-5","-0.09","5723.27","5740","5755","5720","6603","37958275","2877500000","2861637022","500000","S&P U.S. Treasury Bond Futures Excess Return Index","303.56","0.33","0.11"
"140570","KBSTAR 수출주","11355","190","1.70","11325.73","11165","11355","11165","140","1577075","4542000000","4530293313","400000","MKF 수출주 지수","11288.65","163.47","1.47"
"140580","KBSTAR 우량업종","11175","120","1.09","11171.59","11055","11180","11025","37","410865","5587500000","5585796931","500000","MKF 우량업종대표주 지수","11046.24","121.22","1.11"
"183710","KBSTAR 주식혼합","42470","695","1.66","42420.36","41755","42470","41755","202","8482145","10617500000","10605090537","250000","주식국채혼합(주식형)지수","1708.40","24.97","1.48"
"310080","KBSTAR 중국MSCI China선물(H)","14070","335","2.44","13817.53","13800","14085","13785","4669","65507755","22512000000","22108044866","1600000","MSCI China NTR Index(USD) (Net Total Return)","778.97","21.45","2.83"
"174360","KBSTAR 중국본토대형주CSI100","20940","70","0.34","20786.02","20865","20975","20755","27280","570118885","54444000000","54043659753","2600000","CSI 100","5263.93","72.90","1.40"
"136340","KBSTAR 중기우량회사채","105050","-20","-0.02","105047.46","105070","105070","105035","1204","126489430","54626000000","54624677918","520000","KOBI 크레딧 지수(총수익)","14281.74","4.53","0.03"
"281990","KBSTAR 중소형고배당","10645","115","1.09","10653.71","10520","10645","10505","88714","937737315","14903000000","14915190912","1400000","FnGuide 중소형고배당포커스 지수","10069.51","100.75","1.01"
"300280","KBSTAR 중소형모멘텀로우볼","10710","100","0.94","10782.35","10655","10710","10655","21","224855","5890500000","5930290897","550000","FnGuide 중소형 모멘텀&로우볼 지수","28641.91","428.98","1.52"
"300290","KBSTAR 중소형모멘텀밸류","11175","110","0.99","11249.22","11110","11175","11040","38","422180","5587500000","5624609880","500000","FnGuide 중소형모멘텀&밸류 지수(시장가격 지수)","25758.14","386.19","1.52"
"272570","KBSTAR 중장기국공채액티브","103930","-105","-0.10","103958.04","104015","104015","103760","256","26576325","40324840000","40647594803","388000","KIS 종합채권국공채4~5Y지수","138.58","-0.03","-0.02"
"250730","KBSTAR 차이나HSCEI(H)","12155","150","1.25","11998.37","12000","12200","11850","260","3155395","6077500000","5999187005","500000","Hang Seng China H","10662.93","213.76","2.05"
"291680","KBSTAR 차이나H선물인버스(H)","9875","-165","-1.64","10028.57","0","0","0","0","0","4937500000","5014284971","500000","Hang Seng China Enterprises Futures Index(Price Return)","13262.79","302.86","2.34"
"371150","KBSTAR 차이나항셍테크","10080","250","2.54","9781.89","9950","10095","9845","467579","4698494105","10080000000","9781889239","1000000","Hang Seng TECH Index","8295.37","297.54","3.72"
"183700","KBSTAR 채권혼합","62925","540","0.87","62888.55","62425","62930","62375","603","37796480","15102000000","15093251966","240000","주식국채혼합(채권형)지수","1588.12","10.36","0.66"
"270810","KBSTAR 코스닥150","15215","0","0.00","15332.13","15215","15325","15020","259845","3956482890","186231600000","187665279246","12240000","코스닥 150","1532.52","1.47","0.10"
"278240","KBSTAR 코스닥150선물레버리지","17320","50","0.29","17294.49","17225","17540","17020","144768","2497550895","237457200000","234167423916","13710000","F-코스닥150 지수","1670.71","3.29","0.20"
"275750","KBSTAR 코스닥150선물인버스","4595","-10","-0.22","4587.09","4605","4625","4555","9738","44676720","4595000000","5275158231","1000000","F-코스닥150 지수","1670.71","3.29","0.20"
"302450","KBSTAR 코스피","29250","590","2.06","29264.57","28660","29250","28660","1274","37181890","197437500000","197535835237","6750000","코스피","2873.47","52.96","1.88"
"361590","KBSTAR 코스피ex200","11765","90","0.77","11793.30","11705","11770","11695","18","210965","12941500000","12972633649","1100000","코스피200제외 코스피지수","3317.40","35.62","1.09"
"334690","KBSTAR 팔라듐선물(H)","13705","-50","-0.36","13655.40","13675","13720","13600","1520","20813665","6852500000","6827702273","500000","S&P GSCI Palladium Excess Return Index","1603.34","22.98","1.45"
"334700","KBSTAR 팔라듐선물인버스(H)","5290","10","0.19","5319.51","5350","5350","5290","663","3522485","2645000000","2659754464","500000","S&P GSCI Palladium Excess Return Index","1603.34","22.98","1.45"
"253280","KBSTAR 헬스케어","19310","110","0.57","19321.03","19200","19405","19105","8608","165536910","9655000000","9660516862","500000","FnGuide 헬스케어 지수","4848.42","28.70","0.60"
"253290","KBSTAR 헬스케어채권혼합","13175","50","0.38","13169.99","13145","13195","13120","17897","235431000","10540000000","10535989035","800000","FnGuide 헬스케어 채권혼합 지수","2126.69","3.89","0.18"
"105190","KINDEX 200","39705","910","2.35","39719.59","38660","39750","38595","455202","17832299140","738513000000","738784451810","18600000","코스피 200","389.29","8.02","2.10"
"332500","KINDEX 200TR","23695","635","2.75","23663.43","23065","23695","23055","7790","183636940","312774000000","312357293224","13200000","코스피 200 TR","460.54","9.49","2.10"
"368470","KINDEX Fn K-뉴딜디지털플러스","14585","205","1.43","14599.78","14410","14605","14315","2892","41798555","7292500000","7299889746","500000","FnGuide K-뉴딜 디지털 플러스 지수","2916.77","38.76","1.35"
"226380","KINDEX Fn성장소비주도주","7110","130","1.86","7101.12","7050","7130","7025","16132","114626295","5688000000","5680899393","800000","FnGuide 성장소비주도 지수","2356.37","26.79","1.15"
"356540","KINDEX KIS종합채권(AA-이상)액티브","99395","-75","-0.08","99328.62","99405","99405","99395","24","2385620","39758000000","39731446413","400000","KIS 종합채권 AA-이상 총수익 지수(Total return Index)","112.38","-0.10","-0.09"
"277540","KINDEX S&P아시아TOP50","14575","315","2.21","14350.10","14260","14575","14180","30439","439478120","13117500000","12915089273","900000","S&P ASIA50 Price Return Index","4276.54","92.68","2.22"
"225130","KINDEX 골드선물 레버리지(합성 H)","19455","75","0.39","19452.72","19335","19550","19325","25857","502550945","31128000000","31124346965","1600000","S&P GSCI GOLD Index Excess Return","140.84","0.78","0.56"
"365780","KINDEX 국고채10년","98365","-235","-0.24","98370.94","98575","98575","98325","122","12000810","10033230000","10033835620","102000","KIS 10년 국고채 지수 (총수익)","16207.19","-29.05","-0.18"
"114460","KINDEX 국고채3년","107175","-15","-0.01","107163.38","107160","107200","107120","3418","366278480","19291500000","19289408228","180000","KTB INDEX(시장가격)","10769.10","3.91","0.04"
"299070","KINDEX 국채선물10년인버스","93780","140","0.15","93866.86","0","0","0","0","0","4689000000","4693343184","50000","10년국채선물지수","1362.09","-3.05","-0.22"
"299080","KINDEX 국채선물3년인버스","99210","30","0.03","99223.89","0","0","0","0","0","4960500000","4961194619","50000","국채선물지수","1270.13","-0.23","-0.02"
"190620","KINDEX 단기통안채","100095","0","0.00","100096.88","100095","100100","100095","1466","146741950","176167200000","176170515940","1760000","KIS MSB 단기지수(총수익)","11522.12","0.93","0.01"
"265690","KINDEX 러시아MSCI(합성)","25000","190","0.77","25033.03","25145","25145","24910","607","15154695","11250000000","11264863827","450000","MSCI Russia 25% Capped Price Return Index","10451.46","60.70","0.58"
"152500","KINDEX 레버리지","9325","455","5.13","9285.83","8850","9330","8770","104851","951006900","11190000000","11142990469","1200000","코스피 200","389.29","8.02","2.10"
"291130","KINDEX 멕시코MSCI(합성)","8630","150","1.77","8567.93","8485","8630","8485","606","5162465","6904000000","6854341260","800000","MSCI MEXICO IMI 25/50 Price return Index","8831.29","15.59","0.18"
"342140","KINDEX 모닝스타싱가포르리츠채권혼합","9960","5","0.05","9897.86","9955","9960","9865","46","455165","9960000000","9897863957","1000000","Morningstar Singapore REIT Yield Focus Income Protection Index","983.09","-0.57","-0.06"
"280320","KINDEX 미국IT인터넷S&P(합성 H)","18735","-65","-0.35","18645.55","18750","18750","18550","3984","74276235","14988000000","14916437922","800000","다우존스 인터넷 종합지수","963.47","-4.16","-0.43"
"360200","KINDEX 미국S&P500","10385","-85","-0.81","10316.94","10465","10470","10360","282848","2935027270","94503500000","96979273961","9100000","S&P 500","3732.04","5.00","0.13"
"309230","KINDEX 미국WideMoat가치주","13570","25","0.18","13455.96","13605","13605","13525","1714","23241260","14927000000","14801558556","1100000","MorningStar Wide Moat Focus Index","9452.88","23.33","0.25"
"367380","KINDEX 미국나스닥100","10800","-60","-0.55","10728.44","10865","10870","10780","550952","5944966960","89640000000","94410279810","8300000","NASDAQ 100","12845.36","1.87","0.01"
"181480","KINDEX 미국다우존스리츠(합성 H)","77040","370","0.48","76301.64","78220","78220","75935","292","22421560","7704000000","7630164424","100000","Dow Jones U.S. Real Estate Index","1386.89","6.81","0.49"
"211260","KINDEX 배당성장","34450","390","1.15","34405.89","34035","34450","34035","23","787375","6890000000","6881178315","200000","코스피 배당성장 50","3347.54","32.04","0.97"
"143460","KINDEX 밸류대형","9210","195","2.16","9200.19","8995","9210","8995","2480","22667295","15657000000","15640329588","1700000","FnGuide-RAFI 코리아 대형 지수","8956.66","163.42","1.86"
"245710","KINDEX 베트남VN30(합성)","14630","-5","-0.03","14673.18","14595","14665","14550","94809","1385915065","220913000000","221564955719","15100000","VN30 Index(PR)","1059.16","0.77","0.07"
"371130","KINDEX 블룸버그베트남VN30선물레버리지(H)","12405","200","1.64","12197.95","12190","12450","12100","35694","436307165","11164500000","10978154422","900000","Bloomberg VN30 Futures Excess Return Index","146.45","0.41","0.28"
"131890","KINDEX 삼성그룹동일가중","16560","190","1.16","16550.52","16370","16560","16305","136","2235845","8280000000","8275259983","500000","MKF SAMs EW 지수","16233.64","149.47","0.93"
"108450","KINDEX 삼성그룹섹터가중","15960","370","2.37","15964.30","15645","15960","15475","30995","488842795","113316000000","113346503862","7100000","MKF SAMs SW","15734.46","359.36","2.34"
"322130","KINDEX 스마트로우볼","16340","330","2.06","16327.22","16010","16340","16010","21","339600","9804000000","9796331280","600000","FnGuide 스마트 로우볼 지수","1599.97","27.52","1.75"
"272220","KINDEX 스마트모멘텀","17205","390","2.32","17209.96","16845","17210","16845","376","6442265","12043500000","12046972002","700000","FnGuide 스마트 모멘텀 지수","1684.98","34.68","2.10"
"272230","KINDEX 스마트밸류","14515","315","2.22","14502.76","14195","14515","14195","7435","107146905","15966500000","15953036210","1100000","FnGuide 스마트 밸류 지수","1417.83","26.97","1.94"
"322120","KINDEX 스마트퀄리티","18210","400","2.25","18204.71","17835","18210","17835","536","9688745","9105000000","9102353635","500000","FnGuide 스마트 퀄리티 지수","1795.10","35.37","2.01"
"322150","KINDEX 스마트하이베타","13890","310","2.28","13886.48","13575","13890","13575","23","315585","9723000000","9720536533","700000","FnGuide 스마트 하이베타 지수","1369.13","27.40","2.04"
"316300","KINDEX 싱가포르리츠","11280","25","0.22","11238.68","11165","11300","11165","5927","66686520","12408000000","12362549090","1100000","Morningstar Singapore REIT Yield Focus Index(PR)","1625.09","11.14","0.69"
"256440","KINDEX 인도네시아MSCI(합성)","8710","-60","-0.68","8688.63","8770","8770","8665","24963","217426645","19162000000","19114986776","2200000","MSCI Indonesia Index","6597.03","-63.80","-0.96"
"145670","KINDEX 인버스","5190","-140","-2.63","5201.72","5350","5360","5190","34634","182322315","5190000000","5201719873","1000000","코스피 200 선물지수","1945.71","41.00","2.15"
"238720","KINDEX 일본Nikkei225(H)","18005","10","0.06","18042.22","18050","18050","17885","4333","77870225","10803000000","10825332695","600000","Nikkei 225","27444.17","-123.98","-0.45"
"196030","KINDEX 일본TOPIX레버리지(H)","18135","-285","-1.55","18425.22","18250","18290","18020","948","17203540","9067500000","9212612451","500000","TOPIX","1804.68","-14.50","-0.80"
"205720","KINDEX 일본TOPIX인버스(합성 H)","4825","35","0.73","4820.57","4840","4850","4805","7208","34713790","10132500000","10123198096","2100000","TOPIX","1804.68","-14.50","-0.80"
"168580","KINDEX 중국본토CSI300","29560","-20","-0.07","29521.65","29600","29645","29200","1977","58384880","189184000000","188938535035","6400000","CSI 300 Index","5113.71","70.77","1.40"
"219900","KINDEX 중국본토CSI300레버리지(합성)","5180","25","0.48","5142.12","5250","5250","5100","21845","112873050","17612000000","17483208467","3400000","CSI 300 Index","5113.71","70.77","1.40"
"272910","KINDEX 중장기국공채액티브","102365","-65","-0.06","102315.10","102395","102395","102275","30","3070350","26307805000","26294979593","257000","KIS 종합채권국공채1-10Y지수","143.73","-0.06","-0.04"
"371870","KINDEX 차이나항셍테크","9925","225","2.32","9647.32","9860","9940","9625","4143","40964720","9925000000","6753124108","1000000","Hang Seng TECH Index","8295.37","297.54","3.72"
"251890","KINDEX 코스닥(합성)","13950","215","1.57","13941.46","13790","13950","13790","7","97105","8370000000","8364873176","600000","코스닥","968.42","11.01","1.15"
"354500","KINDEX 코스닥150","15400","20","0.13","15444.29","15380","15455","15270","4658","71479150","32340000000","32433009007","2100000","코스닥 150","1532.52","1.47","0.10"
"305050","KINDEX 코스피","29375","680","2.37","29373.58","28700","29410","28700","11804","342708965","8812500000","8812073674","300000","코스피","2873.47","52.96","1.88"
"261920","KINDEX 필리핀MSCI(합성)","13850","-85","-0.61","13797.10","13705","13930","13705","284","3931990","5540000000","5518838825","400000","MSCI Philippines IMI Index","1619.36","0.00","0.00"
"069500","KODEX 200","39500","815","2.11","39554.42","38520","39590","38440","12736997","498185042565","5638625000000","5646393766858","142750000","코스피 200","389.29","8.02","2.10"
"226980","KODEX 200 중소형","11535","225","1.99","11558.14","11420","11545","11300","24475","281262020","5767500000","5779070018","500000","코스피 200 중소형주지수","1151.78","23.30","2.06"
"337160","KODEX 200ESG","13570","310","2.34","13570.22","13270","13570","13240","6868","92062460","8142000000","8142130389","600000","코스피 200 ESG 지수","401.19","8.22","2.09"
"363580","KODEX 200IT TR","13375","350","2.69","13372.92","12970","13395","12900","4318","56592205","13375000000","13372919187","1000000","코스피200 정보기술 TR","3941.61","99.38","2.59"
"278530","KODEX 200TR","12690","285","2.30","12706.04","12395","12715","12335","494795","6217610110","1496151000000","1498042239238","117900000","코스피 200 TR","460.54","9.49","2.10"
"337150","KODEX 200exTOP","12840","40","0.31","13006.24","12840","12840","12840","225","2889000","17976000000","18208741237","1400000","코스피 200 초대형제외 지수","277.69","3.95","1.44"
"223190","KODEX 200가치저변동","10310","180","1.78","10312.50","10200","10315","9965","37128","378212570","28868000000","28874988817","2800000","코스피 200 가치저변동성","5006.88","82.54","1.68"
"252650","KODEX 200동일가중","11010","245","2.28","11009.28","11005","11015","10990","61","671270","8808000000","8807427599","800000","코스피 200 동일가중지수","2180.36","31.12","1.45"
"360140","KODEX 200롱코스닥150숏선물","10370","285","2.83","10368.27","10120","10370","10120","2142","22025855","15555000000","15552409559","1500000","코스피200 롱 100% 코스닥150 숏 100% 선물지수","864.55","16.59","1.96"
"284430","KODEX 200미국채혼합","12630","125","1.00","12639.98","12590","12630","12510","103496","1303484085","17176800000","17190373357","1360000","코스피 200 미국채 혼합지수","3035.38","15.70","0.52"
"252670","KODEX 200선물인버스2X","2510","-130","-4.92","2522.65","2660","2670","2505","276345359","712077244605","2016283000000","2036533583629","803300000","코스피 200 선물지수","1945.71","41.00","2.15"
"305720","KODEX 2차전지산업","15625","215","1.40","15637.01","15420","15625","15300","4342518","67230784840","404687500000","404998566141","25900000","FnGuide 2차전지 산업 지수","2716.15","31.62","1.18"
"271060","KODEX 3대농산물선물(H)","9135","120","1.33","9165.89","9270","9270","9075","38340","349926450","12606300000","12648930895","1380000","S&P GSCI Grains Select Index ER","19.60","0.35","1.82"
"099140","KODEX China H","20475","155","0.76","20201.04","20320","20590","20315","56369","1153995520","32760000000","32321664703","1600000","Hang Seng China H","10662.93","213.76","2.05"
"204450","KODEX China H 레버리지(H)","6910","250","3.75","6699.25","6700","6925","6650","65455","448822975","33168000000","32156376080","4800000","Hang Seng China H","10662.93","213.76","2.05"
"291660","KODEX China H선물인버스(H)","10030","-170","-1.67","10197.89","10100","10115","10000","2948","29658545","5015000000","5098942917","500000","Hang Seng China Enterprises Futures Index(Price Return)","13262.79","302.86","2.34"
"368680","KODEX Fn K-뉴딜디지털플러스","12210","215","1.79","12218.23","12085","12230","11970","8884","107927385","15873000000","15883702342","1300000","FnGuide K-뉴딜 디지털 플러스 지수","2916.77","38.76","1.35"
"296710","KODEX FnKorea50","10200","130","1.29","10200.24","10120","10200","10070","446","4515555","6120000000","6120144003","600000","FnKorea 50 지수","7590.39","64.19","0.85"
"337120","KODEX Fn멀티팩터","13705","260","1.93","13680.38","13430","13705","13430","7847","106794200","34262500000","34200947906","2500000","FnGuide 멀티팩터 지수","8518.12","162.17","1.94"
"325010","KODEX Fn성장","17710","320","1.84","17696.10","17360","17710","17235","23719","417306370","120428000000","120333509808","6800000","FnGuide 성장 지수(PR)","4957.32","89.80","1.84"
"266370","KODEX IT","19925","530","2.73","19977.26","19470","19995","19340","100053","1959066630","35865000000","35959059253","1800000","KRX 정보기술","1704.55","43.04","2.59"
"373490","KODEX K-이노베이션액티브","10685","210","2.00","10672.61","10450","10685","10425","42102","444683425","8548000000","8538086068","800000","FnGuide K-이노베이션 지수","2178.15","43.06","2.02"
"292190","KODEX KRX300","18400","350","1.94","18407.17","18000","18400","17950","72608","1325363230","92000000000","92035851830","5000000","KRX 300","1794.81","33.73","1.92"
"306950","KODEX KRX300레버리지","18800","795","4.42","18785.88","18020","18840","17940","12456","229292075","18800000000","18785881168","1000000","KRX 300","1794.81","33.73","1.92"
"229720","KODEX KTOP30","21340","530","2.55","21337.33","20810","21360","20810","5865","123797990","12804000000","12802395769","600000","KTOP 30","10554.45","229.29","2.22"
"291890","KODEX MSCI EM선물(H)","10305","170","1.68","10191.50","10220","10305","10170","223","2282325","5152500000","5095749216","500000","iEdge Emerging Markets Futures Index(ER)","1387.52","19.85","1.45"
"289040","KODEX MSCI KOREA ESG유니버설","11840","275","2.38","11830.42","11595","11840","11565","2269","26521935","30784000000","30759103195","2600000","MSCI Korea ESG Universal Capped Index","1639.74","30.27","1.88"
"156080","KODEX MSCI Korea","19005","355","1.90","19049.05","18600","19045","18595","4190","78169070","95025000000","95245258622","5000000","MSCI Korea Index","925.97","18.14","2.00"
"278540","KODEX MSCI Korea TR","12820","295","2.36","12803.05","12510","12820","12440","391508","4924271745","1708906000000","1706646750367","133300000","MSCI Korea TR Index","1603.70","31.41","2.00"
"275280","KODEX MSCI모멘텀","13190","245","1.89","13191.85","12890","13190","12890","83","1072970","7914000000","7915108658","600000","MSCI Korea IMI Momentum Capped","4298.70","81.06","1.92"
"275290","KODEX MSCI밸류","11930","240","2.05","11932.20","11745","11930","11745","1228","14551330","19088000000","19091519013","1600000","MSCI Korea IMI Enhanced Value Capped","7012.65","104.94","1.52"
"275300","KODEX MSCI퀄리티","11360","25","0.22","11396.13","11275","11385","11260","596","6743500","6816000000","6837677569","600000","MSCI Korea IMI Quality Capped","6559.24","33.60","0.51"
"269420","KODEX S&P글로벌인프라(합성)","10690","5","0.05","10620.85","10630","10690","10630","1856","19784910","10775520000","10705815618","1008000","S&P Global Infrastructure Index","2543.61","3.77","0.15"
"329650","KODEX TRF3070","10690","-85","-0.79","10707.91","10875","10875","10690","41421","444190350","22449000000","22486621459","2100000","FnGuide TRF 3070 지수","1386.24","-2.23","-0.16"
"329660","KODEX TRF5050","11125","-40","-0.36","11062.67","11115","11125","11045","2390","26515290","11125000000","11062666291","1000000","FnGuide TRF 5050 지수","1474.06","-3.13","-0.21"
"329670","KODEX TRF7030","11440","-55","-0.48","11385.52","11435","11440","11380","1038","11850130","11440000000","11385523229","1000000","FnGuide TRF 7030 지수","1557.21","-4.10","-0.26"
"352540","KODEX TSE일본리츠(H)","10985","60","0.55","10944.50","10860","10985","10860","176","1921860","8788000000","8755596928","800000","Tokyo Stock Exchange REIT Index","1783.90","11.24","0.63"
"315930","KODEX Top5PlusTR","17535","370","2.16","17520.98","17115","17535","17025","15012","259871455","259518000000","259310521363","14800000","FnGuide TOP 5 Plus Total Return 지수","1759.33","36.75","2.13"
"261220","KODEX WTI원유선물(H)","7260","25","0.35","7242.50","7245","7290","7240","1141158","8297570260","440863500000","430385319546","60725000","S&P GSCI Crude Oil Index ER","71.75","0.59","0.83"
"271050","KODEX WTI원유선물인버스(H)","13260","-80","-0.60","13329.59","13310","13310","13220","11556","153187975","4972500000","4998595470","375000","S&P GSCI Crude Oil Index ER","71.75","0.59","0.83"
"117700","KODEX 건설","2860","45","1.60","2862.74","2815","2870","2800","451113","1286349350","27742000000","27768582066","9700000","KRX 건설","570.29","10.61","1.90"
"300950","KODEX 게임산업","13240","180","1.38","13287.46","13150","13295","13125","28099","371231000","11916000000","11958710932","900000","FnGuide 게임 산업 지수","1612.76","18.78","1.18"
"266390","KODEX 경기소비재","11310","165","1.48","11311.06","11185","11320","11025","13924","154750600","6786000000","6786635155","600000","KRX 경기소비재","1293.74","19.26","1.51"
"279530","KODEX 고배당","8655","-15","-0.17","8685.51","8670","8670","8615","40937","353587190","29427000000","29530735345","3400000","FnGuide 고배당 Plus 지수","12770.05","-14.38","-0.11"
"132030","KODEX 골드선물(H)","12925","20","0.15","12901.23","12900","12950","12885","219271","2832668225","240405000000","238672784786","18600000","S&P GSCI Gold Index(TR)","963.89","5.35","0.56"
"280940","KODEX 골드선물인버스(H)","6980","15","0.22","7004.82","6985","6985","6955","811","5652875","3490000000","3502409724","500000","S&P GSCI GOLD Index Excess Return","140.84","0.78","0.56"
"138910","KODEX 구리선물(H)","6675","40","0.60","6606.25","6610","6675","6590","26122","173284075","15352500000","15194367181","2300000","S&P GSCI North American Copper Index(TR)","478.79","-0.88","-0.18"
"114260","KODEX 국고채3년","58055","-15","-0.03","58064.83","58075","58075","58010","9532","553207690","80115900000","80129468165","1380000","MKF 국고채지수(총수익)","187.62","0.00","0.00"
"152380","KODEX 국채선물10년","70915","-100","-0.14","70848.62","71000","71030","70805","18668","1322747745","15743130000","15728394699","222000","10년국채선물지수","1362.09","-3.05","-0.22"
"176950","KODEX 국채선물10년인버스","46270","135","0.29","46257.03","46310","46310","46250","251","11611750","113268960000","113237214748","2448000","10년국채선물지수","1362.09","-3.05","-0.22"
"292770","KODEX 국채선물3년인버스","49650","15","0.03","49662.76","0","0","0","0","0","5064300000","5065601692","102000","국채선물지수","1270.13","-0.23","-0.02"
"276990","KODEX 글로벌4차산업로보틱스(합성)","15785","-95","-0.60","15656.16","15745","15810","15665","15935","251096680","13417250000","13307732288","850000","ROBO Global Robotics & Automation UCITS Price Return Index","987.66","7.20","0.73"
"102960","KODEX 기계장비","4840","45","0.94","4853.12","4795","4840","4750","26798","129105030","8518400000","8541482990","1760000","KRX 기계장비","515.63","5.26","1.03"
"352560","KODEX 다우존스미국리츠(H)","11290","-105","-0.92","11260.85","11290","11290","11240","1871","21121435","9032000000","9008678660","800000","Dow Jones U.S. Real Estate PR Index","332.33","1.02","0.31"
"273140","KODEX 단기변동금리부채권액티브","102305","5","0.00","102299.21","0","0","0","0","0","116730005000","116723397570","1141000","KAP 단기변동금리부은행채권지수","127.34","0.01","0.01"
"153130","KODEX 단기채권","102605","-5","0.00","102609.74","102610","102610","102600","59444","6099260165","2118793250000","2095598756716","20650000","KRW Cash 지수(총수익)","153.23","0.01","0.01"
"214980","KODEX 단기채권PLUS","102840","0","0.00","102849.07","102840","102850","102835","1247664","128316015260","880104720000","880182361384","8558000","KRW Cash PLUS 지수(총수익)","146.77","0.00","0.00"
"122630","KODEX 레버리지","23555","1105","4.92","23664.61","22310","23630","22240","82665235","1898170410620","1512231000000","1443541119600","64200000","코스피 200","389.29","8.02","2.10"
"321410","KODEX 멀티에셋하이인컴(H)","10455","-105","-0.99","10494.86","10545","10545","10455","725","7630770","5227500000","5247430845","500000","Morningstar Multi-Asset High Income 10% Capped Index","1180.61","1.70","0.14"
"244620","KODEX 모멘텀Plus","12545","205","1.66","12579.03","12440","12590","12440","9319","116665585","12545000000","12579028687","1000000","FnGuide 모멘텀 Plus 지수","3977.86","63.83","1.63"
"314250","KODEX 미국FANG플러스(H)","25120","165","0.66","24910.68","24980","25140","24980","305623","7664571175","297672000000","303910248488","11850000","NYSE FANG+TM Index","6316.07","81.17","1.30"
"219480","KODEX 미국S&P500선물(H)","17885","-75","-0.42","17829.73","17845","17910","17805","46870","837583425","101944500000","102520923398","5700000","S&P 500 Futures Total Return Index","536.75","0.61","0.11"
"276970","KODEX 미국S&P고배당커버드콜(합성 H)","9535","20","0.21","9440.84","9535","9535","9485","11740","111640215","26698000000","26434350835","2800000","S&P500 Dividend Aristocrats Covered Call(7.2% Premium) Index","123.27","0.75","0.61"
"185680","KODEX 미국S&P바이오(합성)","34195","-1230","-3.47","33659.06","35190","35190","34155","15996","549561900","17952375000","17671006308","525000","S&P Biotechnology Select Industry Index","11199.00","173.14","1.57"
"200030","KODEX 미국S&P산업재(합성)","16700","-250","-1.47","16688.04","16830","16845","16690","630","10547990","8917800000","8911412306","534000","S&P Select Sector Industrial Index","887.78","5.84","0.66"
"218420","KODEX 미국S&P에너지(합성)","4880","-55","-1.11","4810.41","4980","4980","4835","56513","275526115","15342720000","15123939354","3144000","S&P Select Sector Energy Index","400.83","6.37","1.61"
"304940","KODEX 미국나스닥100선물(H)","16400","-10","-0.06","16339.34","16355","16410","16325","28280","463018515","31980000000","31861705113","1950000","NASDAQ 100","12845.36","1.87","0.01"
"261240","KODEX 미국달러선물","9620","-35","-0.36","9619.78","9655","9670","9605","404713","3894317525","57239000000","57333883613","5950000","미국달러선물지수","1138.15","-6.19","-0.54"
"261250","KODEX 미국달러선물레버리지","8565","-75","-0.87","8564.45","8645","8655","8545","201869","1730542220","34003050000","33743952331","3970000","미국달러선물지수","1138.15","-6.19","-0.54"
"261270","KODEX 미국달러선물인버스","10585","40","0.38","10603.17","10550","10600","10545","112008","1183953445","6245150000","6255871482","590000","미국달러선물지수","1138.15","-6.19","-0.54"
"261260","KODEX 미국달러선물인버스2X","10640","90","0.85","10659.24","10550","10675","10530","32587","346101790","5745600000","5755991619","540000","미국달러선물지수","1138.15","-6.19","-0.54"
"280930","KODEX 미국러셀2000(H)","12810","-280","-2.14","12741.06","12750","12835","12725","202111","2583318205","19215000000","19111595059","1500000","FTSE Russell 2000 Index","1979.99","20.63","1.05"
"308620","KODEX 미국채10년선물","11370","-40","-0.35","11374.35","11445","11445","11360","8380","95438495","11370000000","11374349211","1000000","S&P 10-Year U.S. Treasury Note Futures KRW(ER)","221.13","-1.12","-0.50"
"304660","KODEX 미국채울트라30년선물(H)","13260","25","0.19","13253.55","13245","13280","13240","16962","224893070","21216000000","21205672734","1600000","S&P Ultra T-Bond Futures Index(ER)","203.97","0.51","0.25"
"304670","KODEX 미국채울트라30년선물인버스(H)","7020","-15","-0.21","7018.39","7020","7025","7005","313","2195165","4212000000","4211036950","600000","S&P Ultra T-Bond Futures Index(ER)","203.97","0.51","0.25"
"266360","KODEX 미디어&엔터테인먼트","19410","395","2.08","19488.21","19040","19455","19015","26123","506010855","34938000000","35078775432","1800000","KRX 미디어&엔터테인먼트","2983.73","59.96","2.05"
"244580","KODEX 바이오","17080","245","1.46","17202.92","16950","17295","16805","141316","2410071630","25961600000","26148434431","1520000","FnGuide 바이오 지수","5904.57","82.50","1.42"
"091160","KODEX 반도체","33610","1010","3.10","33608.03","32600","33725","32400","226369","7522441615","89066500000","89061281286","2650000","KRX 반도체","3432.62","93.98","2.81"
"325020","KODEX 배당가치","11955","145","1.23","11958.47","11780","11955","11755","55620","661518700","167370000000","167418543705","14000000","FnGuide SLV 배당가치 지수","1389.61","16.56","1.21"
"211900","KODEX 배당성장","13755","170","1.25","13764.43","13585","13755","13560","13106","179314865","24759000000","24775978340","1800000","코스피 배당성장 50","3347.54","32.04","0.97"
"237370","KODEX 배당성장채권혼합","11485","125","1.10","11478.86","11445","11485","11405","15390","175879705","20673000000","20661947649","1800000","배당성장채권혼합지수","1837.90","5.78","0.32"
"244670","KODEX 밸류Plus","8580","80","0.94","8605.28","8550","8600","8540","3751","32248210","4290000000","4302639275","500000","FnGuide 벨류 Plus 지수","1641.23","14.63","0.90"
"140700","KODEX 보험","5830","10","0.17","5844.96","5840","5840","5765","30385","176369045","9328000000","9351935810","1600000","KRX 보험","1139.56","-0.63","-0.06"
"102780","KODEX 삼성그룹","9920","215","2.22","9920.50","9660","9920","9635","767149","7503021970","1452288000000","1452361263320","146400000","삼성그룹","9781.49","210.96","2.20"
"213610","KODEX 삼성그룹밸류","9300","145","1.58","9302.57","9155","9305","9075","52277","482520025","9300000000","9302566161","1000000","WISE 삼성그룹 밸류 인덱스","9092.07","133.49","1.49"
"251350","KODEX 선진국MSCI World","16225","-155","-0.95","16141.96","16380","16380","16160","127016","2056593420","397512500000","392249590772","24500000","MSCI World","2686.06","3.88","0.14"
"256750","KODEX 심천ChiNext(합성)","11940","240","2.05","11774.11","11680","11940","11640","171402","2029992600","77610000000","75354299818","6500000","SZSE ChiNext Price Index","2900.54","87.54","3.11"
"117460","KODEX 에너지화학","16910","290","1.74","16985.77","16670","16940","16575","35158","590728530","16571800000","16646054927","980000","KRX 에너지화학","3379.99","62.84","1.89"
"140710","KODEX 운송","4730","95","2.05","4731.89","4650","4730","4615","106631","499471805","6622000000","6624640529","1400000","KRX 운송","952.70","16.09","1.72"
"144600","KODEX 은선물(H)","5490","5","0.09","5451.65","5470","5535","5455","942803","5170215895","138897000000","137381649027","25300000","S&P GSCI Silver Index(TR)","856.14","11.47","1.36"
"091170","KODEX 은행","6255","15","0.24","6292.14","6240","6255","6150","734436","4562934390","215797500000","217078813811","34500000","KRX 은행","614.12","1.83","0.30"
"114800","KODEX 인버스","4255","-110","-2.52","4268.91","4375","4390","4255","55700275","240173067690","954822000000","950260046927","224400000","코스피 200 선물지수","1945.71","41.00","2.15"
"101280","KODEX 일본TOPIX100","15090","-170","-1.11","15249.14","15235","15235","15090","1867","28255795","9054000000","9149486729","600000","TOPIX100","1172.23","-9.97","-0.84"
"091180","KODEX 자동차","19465","255","1.33","19467.15","19230","19490","19160","757385","14672053845","140148000000","140163496476","7200000","KRX 자동차","1965.83","23.58","1.21"
"363570","KODEX 장기종합채권(AA-이상)액티브KAP","98515","-210","-0.21","98385.89","98525","98525","98485","32","3152340","36943125000","36894707238","375000","KAP 한국장기종합채권지수(AA-이상, 총수익)","308.85","-0.54","-0.17"
"273130","KODEX 종합채권(AA-이상)액티브","109900","-125","-0.11","109881.69","109930","109940","109850","2300","252742110","1441778100000","1440109380713","13119000","KAP 한국종합채권지수","253.99","-0.22","-0.09"
"169950","KODEX 중국본토 A50","22300","265","1.20","22058.39","22035","22300","22000","14433","320365750","33450000000","33087592198","1500000","FTSE China A50 Index","17387.62","287.59","1.68"
"283580","KODEX 중국본토CSI300","13485","40","0.30","13306.85","13410","13530","13370","52677","709497645","72819000000","71856995457","5400000","CSI 300 Index","5113.71","70.77","1.40"
"102970","KODEX 증권","7455","20","0.27","7498.32","7440","7490","7345","315892","2346139420","68586000000","68984553561","9200000","KRX 증권","726.88","4.89","0.68"
"372330","KODEX 차이나항셍테크","10065","295","3.02","9753.64","9910","10065","9810","694822","6911226640","55357500000","53645030136","5500000","Hang Seng TECH Index","8295.37","297.54","3.72"
"117680","KODEX 철강","7245","65","0.91","7266.03","7205","7275","7150","58517","422882715","9128700000","9155196069","1260000","KRX 철강","1433.52","16.66","1.18"
"279540","KODEX 최소변동성","12220","165","1.37","12234.18","12120","12220","12055","1417","17204480","14664000000","14681014482","1200000","KRX 최소변동성지수","7199.79","83.18","1.17"
"229200","KODEX 코스닥 150","15460","-30","-0.19","15579.04","15475","15575","15350","8075166","124965973500","501677000000","505539889167","32450000","코스닥 150","1532.52","1.47","0.10"
"233740","KODEX 코스닥150 레버리지","17200","75","0.44","17334.45","17115","17455","16900","33686289","578720704915","1295160000000","1324352224800","75300000","코스닥 150","1532.52","1.47","0.10"
"360150","KODEX 코스닥150롱코스피200숏선물","9380","-240","-2.49","9406.42","9600","9600","9370","2615","24671490","14070000000","14109635000","1500000","코스닥150 롱 100% 코스피200 숏 100% 선물지수","1037.63","-20.68","-1.95"
"251340","KODEX 코스닥150선물인버스","4350","-10","-0.23","4363.92","4365","4395","4325","38974098","170039305000","487635000000","478285628746","112100000","F-코스닥150 지수","1670.71","3.29","0.20"
"226490","KODEX 코스피","29260","665","2.33","29257.69","28675","29260","28550","139011","4035200230","476938000000","476900366564","16300000","코스피","2873.47","52.96","1.88"
"237350","KODEX 코스피100","30530","550","1.83","30644.88","30115","30625","29850","22561","687194940","13738500000","13790197324","450000","코스피 100","2974.06","59.82","2.05"
"359210","KODEX 코스피TR","13270","255","1.96","13274.63","13005","13270","12995","400624","5221407960","34502000000","34514048265","2600000","코스피 TR","3385.80","62.40","1.88"
"337140","KODEX 코스피대형주","13895","265","1.94","13895.61","13605","13910","13585","56125","774752850","52801000000","52803324814","3800000","코스피 대형주","2859.22","54.83","1.96"
"138920","KODEX 콩선물(H)","10675","295","2.84","10715.90","10730","10800","10615","26499","283264720","8540000000","8572723849","800000","S&P GSCI Soybeans Index(TR)","4752.43","16.45","0.35"
"244660","KODEX 퀄리티Plus","10485","60","0.58","10553.14","10500","10545","10485","1290","13579175","6291000000","6331883504","600000","FnGuide 퀄리티 Plus 지수","2519.07","20.24","0.81"
"266410","KODEX 필수소비재","9510","45","0.48","9505.00","9520","9525","9465","7691","72959450","17118000000","17109002906","1800000","KRX 필수소비재","1685.41","6.61","0.39"
"298770","KODEX 한국대만IT프리미어","17295","295","1.74","17218.64","17125","17295","17055","59464","1022500390","19024500000","18940505056","1100000","한국 대만 IT 프리미어지수","2569.58","46.80","1.86"
"266420","KODEX 헬스케어","23740","90","0.38","23855.34","23745","23885","23440","40474","957521990","18992000000","19084269775","800000","KRX 헬스케어","5517.31","8.63","0.16"
"364690","KODEX 혁신기술테마액티브","12505","230","1.87","12513.83","12260","12525","12230","52842","655556650","11254500000","11262443482","900000","코스피","2873.47","52.96","1.88"
"069660","KOSEF 200","39565","910","2.35","39598.18","38525","39620","38440","1005970","39590559395","638974750000","639510686228","16150000","코스피 200","389.29","8.02","2.10"
"152280","KOSEF 200 선물","17770","390","2.24","17745.80","17345","17795","17295","53","930790","16526100000","16503592408","930000","코스피 200 선물지수","1945.71","41.00","2.15"
"294400","KOSEF 200TR","46075","995","2.21","46144.72","44890","46170","44840","5919","269599650","403156250000","403766323820","8750000","코스피 200 TR","460.54","9.49","2.10"
"253250","KOSEF 200선물레버리지","21195","930","4.59","21163.77","20085","21255","20085","14191","294414080","27553500000","23280144996","1300000","코스피 200 선물지수","1945.71","41.00","2.15"
"253240","KOSEF 200선물인버스","5515","-135","-2.39","5508.25","5635","5655","5490","9484","52398785","4246550000","4241351306","770000","코스피 200 선물지수","1945.71","41.00","2.15"
"253230","KOSEF 200선물인버스2X","2525","-110","-4.17","2504.89","2650","2650","2515","168671","431571000","6868000000","6813288018","2720000","코스피 200 선물지수","1945.71","41.00","2.15"
"331910","KOSEF Fn중소형","19945","310","1.58","19932.17","19655","19955","19655","76","1507875","13961500000","13952516328","700000","FnGuide-키움 스마트 중소형주 지수","1978.07","30.55","1.57"
"100910","KOSEF KRX100","6335","130","2.10","6320.25","6205","6335","6170","348","2178485","11403000000","11376455065","1800000","KRX 100","6224.37","113.40","1.86"
"104530","KOSEF 고배당","7700","25","0.33","7695.29","7645","7700","7590","1273","9751260","4620000000","4617175825","600000","MKF 웰스 고배당20","7221.52","-31.86","-0.44"
"148070","KOSEF 국고채10년","122490","-285","-0.23","122481.74","125005","125005","122350","46590","5706150955","236405700000","236389760903","1930000","KIS 10년 국고채 지수 (총수익)","16207.19","-29.05","-0.18"
"167860","KOSEF 국고채10년레버리지","134020","-545","-0.41","133989.05","134625","134625","133710","566","75832280","12061800000","12059014324","90000","KIS 10년 국고채 지수 (총수익)","16207.19","-29.05","-0.18"
"114470","KOSEF 국고채3년","112810","60","0.05","112782.13","112790","112810","112750","226","25483530","33843000000","33834639270","300000","KTB INDEX(시장가격)","10769.10","3.91","0.04"
"130730","KOSEF 단기자금","100820","5","0.00","100806.25","100815","100835","100815","9063","913724105","49401800000","49395062308","490000","MK 머니마켓 지수(총수익)","12732.31","1.59","0.01"
"138230","KOSEF 미국달러선물","11440","-55","-0.48","11433.32","11495","11495","11415","54383","621962165","27570400000","27554298386","2410000","미국달러선물지수","1138.15","-6.19","-0.54"
"225800","KOSEF 미국달러선물레버리지","8150","-95","-1.15","8159.02","8225","8250","8130","31442","257113040","18663500000","18684158783","2290000","미국달러선물지수","1138.15","-6.19","-0.54"
"139660","KOSEF 미국달러선물인버스","11050","55","0.50","11052.98","10990","11050","10985","523","5753545","11492000000","11495102321","1040000","미국달러선물지수","1138.15","-6.19","-0.54"
"230480","KOSEF 미국달러선물인버스2X","9395","100","1.08","9398.70","9305","9400","9305","19830","185909170","21890350000","20019229669","2330000","미국달러선물지수","1138.15","-6.19","-0.54"
"373790","KOSEF 미국방어배당성장나스닥","9945","-125","-1.24","9862.68","10080","10170","9910","5158","51257560","6961500000","6903877878","700000","Nasdaq US Low Volatility Dividend Achievers Index","1050.14","-0.63","-0.06"
"260200","KOSEF 배당바이백Plus","15005","280","1.90","14945.89","14750","15005","14750","380","5646810","9753250000","9714828849","650000","WISE 배당바이백플러스 지수","1472.28","25.39","1.75"
"104520","KOSEF 블루칩","9535","165","1.76","9527.87","9395","9535","9380","1475","14004465","8581500000","8575087437","900000","MKF 블루칩","9357.64","106.67","1.15"
"200250","KOSEF 인도Nifty50(합성)","14210","-35","-0.25","14225.27","14315","14315","14150","20413","289906115","29130500000","24894226688","2050000","Nifty 50 Index","13981.95","49.35","0.35"
"260270","KOSEF 저PBR가중","14295","240","1.71","14249.97","14025","14295","14025","253","3574555","7147500000","7124986685","500000","FnGuide 저BPR 가중 지수","1398.02","19.26","1.40"
"316670","KOSEF 코스닥150","7680","25","0.33","7681.88","7640","7720","7580","42817","325792490","38246400000","38255766273","4980000","코스닥 150","1532.52","1.47","0.10"
"291610","KOSEF 코스닥150선물","10030","20","0.20","10002.71","9980","10085","9955","187","1871615","5917700000","5601520372","590000","F-코스닥150 지수","1670.71","3.29","0.20"
"291630","KOSEF 코스닥150선물레버리지","7345","-5","-0.07","7358.18","7260","7465","7250","9160","67427630","15497950000","8903393444","2110000","F-코스닥150 지수","1670.71","3.29","0.20"
"291620","KOSEF 코스닥150선물인버스","7875","-15","-0.19","7874.13","7890","7925","7825","7812","61430330","4173750000","4173286994","530000","F-코스닥150 지수","1670.71","3.29","0.20"
"153270","KOSEF 코스피100","30250","650","2.20","30229.41","29490","30265","29485","196","5850250","12705000000","12696352961","420000","코스피 100","2974.06","59.82","2.05"
"122260","KOSEF 통안채1년","100975","0","0.00","100991.31","100980","100990","100975","1401660","141544022495","45438750000","45446089476","450000","MK 통안채지수(총수익)","13312.18","3.56","0.03"
"168300","KTOP 코스피50","28270","715","2.59","28257.38","27440","28290","27395","162","4524805","14417700000","14411265471","510000","코스피 50","2725.20","56.05","2.10"
"295040","SMART 200TR","13185","320","2.49","13196.59","12865","13200","12865","62528","816789465","361928250000","362246333611","27450000","코스피 200 TR","460.54","9.49","2.10"
"363510","SMART KIS단기통안채","100110","0","0.00","100113.29","0","0","0","0","0","28030800000","28031720008","280000","KIS 단기통안채 Index(총수익)","11207.95","0.95","0.01"
"292500","SMART KRX300","18255","370","2.07","18346.06","17890","18340","17840","1031","18775290","67543500000","67880428170","3700000","KRX 300","1794.81","33.73","1.92"
"208470","SMART 선진국MSCI World(합성 H)","16345","5","0.03","16247.16","16315","16345","16210","73","1191230","9807000000","9748294653","600000","MSCI World","2686.06","3.88","0.14"
"220130","SMART 중국본토 중소형 CSI500(합성 H)","5165","25","0.49","5130.45","5080","5195","5080","1016","5236745","9297000000","9234801305","1800000","CSI 500 지수","6269.25","69.40","1.12"
"102110","TIGER 200","39525","870","2.25","39535.79","38535","39590","38405","1866398","72901306045","2879396250000","2880182115366","72850000","코스피 200","389.29","8.02","2.10"
"139260","TIGER 200 IT","35720","835","2.39","35753.77","34715","35720","34455","961985","33724846690","386490400000","353962348129","10820000","코스피 200 정보기술","3556.86","89.68","2.59"
"139220","TIGER 200 건설","2445","60","2.52","2440.90","2390","2445","2380","175586","426177525","13740900000","13717853805","5620000","코스피 200 건설","239.93","5.16","2.20"
"139290","TIGER 200 경기소비재","16660","175","1.06","16671.01","16450","16675","16450","2547","42299255","7996800000","8002083517","480000","코스피 200 경기소비재","1651.06","17.58","1.08"
"139270","TIGER 200 금융","6240","30","0.48","6254.11","6195","6240","6140","21920","135619425","21840000000","21889388614","3500000","코스피 200 금융","600.92","1.71","0.29"
"227550","TIGER 200 산업재","5195","70","1.37","5221.99","5125","5210","5110","1898","9855665","3636500000","3655394198","700000","코스피 200 산업재","517.48","7.21","1.41"
"227560","TIGER 200 생활소비재","11570","135","1.18","11566.63","11460","11585","11460","1904","21992135","4165200000","4163988354","360000","코스피 200 생활소비재","1162.10","9.04","0.78"
"139250","TIGER 200 에너지화학","17860","330","1.88","17905.62","17510","17860","17450","26358","467474395","28933200000","29007111489","1620000","코스피 200 에너지/화학","1798.11","35.14","1.99"
"139230","TIGER 200 중공업","2870","30","1.06","2887.36","2855","2885","2825","171865","492552220","13374200000","13455115805","4660000","코스피 200 중공업","272.42","3.36","1.25"
"139240","TIGER 200 철강소재","7450","125","1.71","7446.05","7330","7460","7320","25171","186583110","3427000000","3425180959","460000","코스피 200 철강/소재","737.20","9.72","1.34"
"227540","TIGER 200 헬스케어","31500","605","1.96","31532.59","31380","31615","31000","23680","741441345","25830000000","25856724562","820000","코스피 200 헬스케어","3178.49","50.33","1.61"
"243880","TIGER 200IT레버리지","58250","2320","4.15","58345.98","55060","58370","54485","49862","2792520865","40775000000","37924887497","700000","코스피 200 정보기술","3556.86","89.68","2.59"
"310960","TIGER 200TR","20695","465","2.30","20698.61","20205","20695","20160","3497","71420945","60015500000","60025974727","2900000","코스피 200 TR","460.54","9.49","2.10"
"252000","TIGER 200동일가중","11115","145","1.32","11144.25","0","0","0","0","0","6113250000","6129338893","550000","코스피 200 동일가중지수","2180.36","31.12","1.45"
"267770","TIGER 200선물레버리지","17690","770","4.55","17647.43","16800","17745","16705","6806845","117270004510","113216000000","132355734274","6400000","코스피 200 선물지수","1945.71","41.00","2.15"
"252710","TIGER 200선물인버스2X","2600","-130","-4.76","2609.68","2740","2765","2595","5381008","14301450360","117260000000","118218642533","45100000","코스피 200 선물지수","1945.71","41.00","2.15"
"243890","TIGER 200에너지화학레버리지","16900","595","3.65","17000.88","16290","16910","16110","33944","563064190","9295000000","8500441069","550000","코스피 200 에너지/화학","1798.11","35.14","1.99"
"315270","TIGER 200커뮤니케이션서비스","26075","465","1.82","26188.18","25730","26100","25730","1333","34658900","14602000000","14665378718","560000","코스피 200 커뮤니케이션서비스","2593.90","45.54","1.79"
"166400","TIGER 200커버드콜5%OTM","14955","185","1.25","15072.29","14805","14955","14805","418","6191740","7477500000","7536145035","500000","코스피 200 커버드콜 5% OTM","404.17","4.92","1.23"
"289480","TIGER 200커버드콜ATM","10720","65","0.61","10705.03","10720","10720","10720","9","96480","6432000000","6423015231","600000","코스피 200 커버드콜 ATM 지수","1303.32","3.46","0.27"
"305540","TIGER 2차전지테마","14485","130","0.91","14550.45","14350","14505","14235","1707814","24620699285","382404000000","388497096052","26400000","WISE 2차전지 테마 지수","5475.33","60.24","1.11"
"365040","TIGER AI코리아그로스액티브","12490","250","2.04","12506.77","12240","12495","12235","2228","27528110","14988000000","15008123599","1200000","코스피","2873.47","52.96","1.88"
"357870","TIGER CD금리투자KIS(합성)","50170","0","0.00","50170.75","50170","50170","50170","10","501700","439489200000","439495727339","8760000","KIS CD Index(총수익)","10949.97","1.04","0.01"
"341850","TIGER KIS부동산인프라채권TR","5245","5","0.10","5243.78","5220","5250","5220","6346","33282235","20717750000","20712919958","3950000","KIS 부동산인프라채권 TR지수","35440.93","-52.03","-0.15"
"364960","TIGER KRX BBIG K-뉴딜","11885","130","1.11","11926.81","11750","11885","11720","1379430","16311961675","352390250000","353629887550","29650000","KRX BBIG K-뉴딜지수","3273.34","41.09","1.27"
"364980","TIGER KRX2차전지K-뉴딜","13810","395","2.94","13802.46","13445","13810","13300","948660","12892356865","265842500000","265697404496","19250000","KRX 2차전지 K-뉴딜지수","4851.77","119.99","2.54"
"292160","TIGER KRX300","18355","405","2.26","18357.31","17950","18365","17885","28957","529006160","31203500000","31207430134","1700000","KRX 300","1794.81","33.73","1.92"
"364990","TIGER KRX게임K-뉴딜","10980","50","0.46","10973.90","10930","10990","10905","96233","1055398750","36234000000","36213882776","3300000","KRX 게임 K-뉴딜지수","1338.72","1.27","0.09"
"364970","TIGER KRX바이오K-뉴딜","13000","-15","-0.12","13014.68","13080","13105","12845","331546","4301308335","76700000000","76786635596","5900000","KRX 바이오 K-뉴딜지수","3912.26","-10.77","-0.27"
"365000","TIGER KRX인터넷K-뉴딜","10400","165","1.61","10421.80","10245","10455","10245","184071","1913157470","52520000000","52630081115","5050000","KRX 인터넷 K-뉴딜지수","2519.38","35.92","1.45"
"228820","TIGER KTOP30","10550","240","2.33","10543.25","10305","10550","10300","2672","27763855","12660000000","12651899212","1200000","KTOP 30","10554.45","229.29","2.22"
"300610","TIGER K게임","11585","90","0.78","11607.70","11495","11625","11485","21405","247878475","6371750000","6384233813","550000","WISE K게임 테마 지수","943.04","5.54","0.59"
"138530","TIGER LG그룹+펀더멘털","10480","160","1.55","10443.78","10320","10480","10220","51373","531561615","10270400000","10234909283","980000","MKF LG그룹+ FW","10367.59","134.30","1.31"
"289260","TIGER MSCI KOREA ESG리더스","10935","245","2.29","10937.16","10795","10935","10790","1966","21308165","7217100000","7218525876","660000","MSCI Korea Country ESG Leaders Capped Index","1562.86","28.18","1.84"
"289250","TIGER MSCI KOREA ESG유니버설","12040","345","2.95","12006.28","11775","12040","11735","5709","68141230","6862800000","6843578885","570000","MSCI Korea ESG Universal Index","1677.62","34.37","2.09"
"310970","TIGER MSCI Korea TR","16105","355","2.25","16078.96","15690","16105","15690","289636","4627639520","1724845500000","1722056656101","107100000","MSCI Korea TR Index","1603.70","31.41","2.00"
"269370","TIGER S&P글로벌인프라(합성)","9685","-60","-0.62","9698.71","9535","9745","9535","158","1530185","4842500000","4849354659","500000","S&P Global Infrastructure Index","2543.61","3.77","0.15"
"248270","TIGER S&P글로벌헬스케어(합성)","14890","-40","-0.27","14869.09","14850","14930","14840","2116","31483470","14890000000","14869090342","1000000","S&P Global 1200 Health Care Index","4279.57","4.06","0.09"
"292150","TIGER TOP10","13580","310","2.34","13612.42","13270","13580","13195","2784149","37332430650","536410000000","534967916197","39500000","FnGuide TOP10 지수","4782.40","107.25","2.29"
"217790","TIGER 가격조정","23345","170","0.73","23341.72","23120","23345","23035","180","4181555","6069700000","6068846940","260000","FnGuide Contrarian Index","22986.66","160.99","0.71"
"139280","TIGER 경기방어","13135","95","0.73","13139.71","13035","13155","12980","68037","888307570","148425500000","148478680112","11300000","코스피 200 경기방어소비재","1307.14","8.84","0.68"
"237440","TIGER 경기방어채권혼합","10195","20","0.20","10194.05","10175","10205","10155","2469","25126255","11214500000","11213452223","1100000","경기방어소비재 채권혼합 지수","1521.66","3.49","0.23"
"319640","TIGER 골드선물(H)","13730","5","0.04","13722.09","13725","13775","13705","13077","179785290","17849000000","17838714732","1300000","S&P GSCI Gold Index(TR)","963.89","5.35","0.56"
"160580","TIGER 구리실물","7955","0","0.00","7954.59","7900","8010","7900","3609","28780590","9744875000","9744370884","1225000","S&P GSCI Cash Copper Index","197.54","-0.94","-0.47"
"114820","TIGER 국채3년","111100","25","0.02","111111.85","111095","111110","111030","4255","472805930","66660000000","66667109182","600000","KTB INDEX(시장가격)","10769.10","3.91","0.04"
"302180","TIGER 국채선물10년인버스","47505","165","0.35","47517.78","47505","47505","47505","2","95010","5700600000","5702133326","120000","10년국채선물지수","1362.09","-3.05","-0.22"
"302170","TIGER 국채선물3년인버스","49660","10","0.02","49685.25","0","0","0","0","0","6952400000","6955935095","140000","국채선물지수","1270.13","-0.23","-0.02"
"275980","TIGER 글로벌4차산업혁신기술(합성 H)","16995","45","0.27","16847.20","16950","16995","16915","115817","1965439740","209038500000","207220617385","12300000","MorningStar Exponential Technologies Index(PR)","2693.52","17.31","0.65"
"276000","TIGER 글로벌자원생산기업(합성 H)","11405","10","0.09","11385.66","11280","11405","11280","307","3477190","12545500000","12524227007","1100000","MorningStar Global Upstream Resources Index(PR)","3305.40","29.28","0.89"
"371450","TIGER 글로벌클라우드컴퓨팅INDXX","10905","-35","-0.32","10721.68","10965","10965","10200","121589","1311860925","15267000000","16725815406","1400000","Indxx Global Cloud Computing Index(Net Total Return)","7039.24","18.34","0.26"
"139310","TIGER 금속선물(H)","5640","-10","-0.18","5622.21","5640","5640","5625","2394","13489005","3384000000","3373326742","600000","S&P GSCI Industrial Metals Select Index(TR)","189.86","-0.03","-0.02"
"139320","TIGER 금은선물(H)","10165","0","0.00","10147.14","10145","10195","10125","10219","103895380","8132000000","8117713691","800000","S&P GSCI Precious Metals Index(TR)","2198.85","14.10","0.65"
"137610","TIGER 농산물선물Enhanced(H)","5170","95","1.87","5174.61","5130","5185","5130","148474","766108945","43945000000","43984180347","8500000","S&P GSCI Agriculture Enhanced Index(ER)","67.97","0.96","1.43"
"182490","TIGER 단기선진하이일드(합성 H)","12100","45","0.37","12114.29","12060","12120","12045","1177","14210015","15730000000","15748573712","1300000","Markit iBoxx USD Liquid High Yield 0-5 year 지수","84.63","0.02","0.02"
"272580","TIGER 단기채권액티브","50010","5","0.01","50003.22","50025","50025","50000","22876","1144019715","197039400000","197012694140","3940000","KIS 통안채 3개월(총수익)","11867.67","1.03","0.01"
"157450","TIGER 단기통안채","100010","5","0.00","100007.16","100005","100015","100005","62841","6284699845","900390030000","900364491940","9003000","KIS 통안채 3개월(총수익)","11867.67","1.03","0.01"
"292110","TIGER 대형가치","11410","220","1.97","11453.46","11235","11410","11230","875","9880435","6275500000","6299403855","550000","FnGuide 대형가치 지수","5348.74","98.47","1.88"
"292100","TIGER 대형성장","12500","210","1.71","12531.09","12300","12500","12280","837","10318965","6875000000","6892101111","550000","FnGuide 대형성장 지수","5397.38","83.72","1.58"
"105010","TIGER 라틴35","3170","10","0.32","3165.60","3170","3210","3145","19614","61849305","8242000000","8230572391","2600000","BNY Latin America 35 ADR","2356.26","8.29","0.35"
"123320","TIGER 레버리지","22275","1015","4.77","22232.45","21190","22295","21005","997236","21605764940","26730000000","24455694847","1200000","코스피 200","389.29","8.02","2.10"
"174350","TIGER 로우볼","11180","25","0.22","11186.05","11100","11180","11065","1013","11219770","9838400000","9843721766","880000","FnGuide Low Vol 지수","11048.01","30.47","0.28"
"147970","TIGER 모멘텀","21155","410","1.98","21136.13","20915","21155","20895","344","7232980","11423700000","11413512220","540000","FnGuide 모멘텀 지수","20928.56","289.34","1.40"
"182480","TIGER 미국MSCI리츠(합성 H)","12195","-60","-0.49","12044.87","12245","12245","12155","15444","188114585","62194500000","61428843834","5100000","MSCI US REIT Index","1126.69","4.30","0.38"
"360750","TIGER 미국S&P500","10260","-90","-0.87","10208.72","10295","10295","10235","588938","6039595975","115938000000","115358481327","11300000","S&P 500","3732.04","5.00","0.13"
"225040","TIGER 미국S&P500레버리지(합성 H)","24405","-90","-0.37","24161.76","24285","24445","24200","16052","390427020","92739000000","91814695339","3800000","S&P 500","3732.04","5.00","0.13"
"143850","TIGER 미국S&P500선물(H)","43510","-145","-0.33","43347.79","43390","43550","43295","30979","1346358230","147934000000","145215104308","3400000","S&P 500 Futures Index(ER)","341.56","0.39","0.11"
"225030","TIGER 미국S&P500선물인버스(H)","4565","15","0.33","4581.06","4570","4590","4555","39865","182415055","10727750000","10536438184","2350000","S&P 500 Futures Total Return Index","536.75","0.61","0.11"
"133690","TIGER 미국나스닥100","62815","-320","-0.51","62527.57","62965","62965","62720","258111","16209775665","584179500000","581506380225","9300000","NASDAQ 100","12845.36","1.87","0.01"
"203780","TIGER 미국나스닥바이오","19230","-290","-1.49","19037.91","19205","19235","19160","21981","421971740","30768000000","30460651818","1600000","NASDAQ Biotechnology 지수(시장가격지수)","4791.22","21.87","0.46"
"245340","TIGER 미국다우존스30","16615","-185","-1.10","16570.19","16780","16780","16590","29841","495879680","39876000000","39768464805","2400000","Dow Jones Industrial Average","30409.56","73.89","0.24"
"329750","TIGER 미국달러단기채권액티브","9305","-55","-0.59","9298.54","9360","9360","9290","51004","474988060","35824250000","35799394824","3850000","KIS U.S. TREASURY BOND 0-1Y 지수(총수익)","99.32","-0.54","-0.54"
"261110","TIGER 미국달러선물레버리지","8655","-65","-0.75","8645.96","8735","8735","8625","2862","24740235","6924000000","6916771222","800000","미국달러선물지수","1138.15","-6.19","-0.54"
"261120","TIGER 미국달러선물인버스2X","10605","90","0.86","10625.88","10550","10635","10525","352","3721515","13786500000","13813638153","1300000","미국달러선물지수","1138.15","-6.19","-0.54"
"305080","TIGER 미국채10년선물","11465","-50","-0.43","11447.41","11515","11520","11440","55698","638717965","43567000000","43500156543","3800000","S&P 10-Year U.S. Treasury Note Futures(ER)","235.57","0.08","0.03"
"228810","TIGER 미디어컨텐츠","5970","180","3.11","5971.21","5830","6035","5790","762105","4527903130","49789800000","49799892285","8340000","WISE 미디어컨텐츠 지수","3013.69","86.98","2.97"
"091230","TIGER 반도체","34400","950","2.84","34424.38","33450","34500","33280","81962","2790132980","46784000000","46817150894","1360000","KRX 반도체","3432.62","93.98","2.81"
"098560","TIGER 방송통신","7610","30","0.40","7639.12","7540","7635","7540","30786","234441925","6696800000","6722424704","880000","KRX 방송통신","745.48","2.29","0.31"
"211560","TIGER 배당성장","16995","220","1.31","17024.27","16795","16995","16795","5184","87652960","7647750000","7660920104","450000","코스피 배당성장 50","3347.54","32.04","0.97"
"170350","TIGER 베타플러스","17495","250","1.45","17709.17","17305","17495","17285","195","3376465","7697800000","7792033379","440000","FnGuide 베타플러스 지수","8974.76","177.97","2.02"
"329200","TIGER 부동산인프라고배당","4960","0","0.00","4958.72","4970","4970","4930","46006","227568225","63240000000","63223647673","12750000","FnGuide 부동산인프라고배당 지수","1905.71","-4.87","-0.25"
"138520","TIGER 삼성그룹펀더멘털","12265","310","2.59","12257.50","12035","12275","11925","8581","103866110","13982100000","13973544455","1140000","MKF SAMs FW","12083.05","258.48","2.19"
"157490","TIGER 소프트웨어","14620","225","1.56","14688.66","14395","14685","14390","288819","4210938785","63450800000","63748801129","4340000","FnGuide 소프트웨어 지수","7482.21","137.08","1.87"
"228800","TIGER 여행레저","4305","45","1.06","4304.16","4270","4325","4235","234322","1006030345","11494350000","12008592694","2670000","WISE 여행레저 지수","2157.67","20.40","0.95"
"227570","TIGER 우량가치","10220","85","0.84","10225.61","10140","10220","10135","2413","24605300","9198000000","9203046099","900000","FnGuide 퀄리티밸류 지수","20247.64","99.94","0.50"
"261140","TIGER 우선주","13600","210","1.57","13598.91","13300","13600","13300","15505","208810330","7344000000","7343413400","540000","코스피 우선주 지수","3352.67","32.41","0.98"
"130680","TIGER 원유선물Enhanced(H)","2180","10","0.46","2168.10","2170","2185","2165","373993","813697225","113687000000","112524598421","52150000","S&P GSCI Crude Oil Enhanced Index ER","252.19","2.08","0.83"
"217770","TIGER 원유선물인버스(H)","9465","-60","-0.63","9520.80","9460","9520","9440","709","6702000","5679000000","5712479601","600000","S&P GSCI Crude Oil Index ER","71.75","0.59","0.83"
"195930","TIGER 유로스탁스50(합성 H)","12170","100","0.83","12033.45","12030","12170","12005","31439","379803500","85190000000","84234149387","7000000","EURO STOXX 50 Index","3571.59","-9.78","-0.27"
"225050","TIGER 유로스탁스레버리지(합성 H)","7715","-95","-1.22","7720.54","7735","7735","7600","15730","120252405","15430000000","15441081223","2000000","EURO STOXX 50 Index","3571.59","-9.78","-0.27"
"245350","TIGER 유로스탁스배당30","11040","85","0.78","11007.31","10960","11045","10955","5338","58641290","13248000000","13208775516","1200000","Euro STOXX Select Dividend 30","1635.42","-11.14","-0.68"
"091220","TIGER 은행","6520","35","0.54","6531.59","6455","6520","6395","10143","65628085","4433600000","4441483028","680000","KRX 은행","614.12","1.83","0.30"
"307510","TIGER 의료기기","20730","-95","-0.46","20849.89","20825","20825","20620","4575","94979680","10365000000","10424945687","500000","FnGuide 의료기기 지수","2130.10","4.83","0.23"
"225060","TIGER 이머징마켓MSCI레버리지(합성 H)","14375","590","4.28","14085.59","14005","14395","14005","4576","65034155","10062500000","9859915160","700000","MSCI EM Index","1289.03","22.26","1.76"
"236350","TIGER 인도니프티50레버리지(합성)","15115","-5","-0.03","14981.00","15120","15170","14915","26940","404879735","19649500000","19475294929","1300000","Nifty 50 Index","13981.95","49.35","0.35"
"123310","TIGER 인버스","4690","-115","-2.39","4702.07","4825","4830","4685","1846661","8703154800","60032000000","60186559836","12800000","코스피 200 선물지수","1945.71","41.00","2.15"
"195920","TIGER 일본TOPIX(합성 H)","14875","-105","-0.70","15025.76","14870","14950","14860","377","5617980","8925000000","9015458029","600000","TOPIX","1804.68","-14.50","-0.80"
"248260","TIGER 일본TOPIX헬스케어(합성)","12385","-60","-0.48","12501.57","12445","12445","12320","282","3475620","12385000000","12501570486","1000000","TOPIX-17 Pharmaceutical Index","256.99","-3.10","-1.19"
"241180","TIGER 일본니케이225","17030","-130","-0.76","17075.39","17145","17145","16990","4336","74022125","11921000000","11952773321","700000","Nikkei 225","27444.17","-123.98","-0.45"
"292560","TIGER 일본엔선물","10390","-20","-0.19","10397.16","10410","10415","10390","341","3548425","8312000000","8317729893","800000","엔선물지수","612.27","-0.99","-0.16"
"292570","TIGER 일본엔선물레버리지","10150","-30","-0.29","10138.48","10130","10175","10130","112","1136045","7105000000","7096932701","700000","엔선물지수","612.27","-0.99","-0.16"
"292580","TIGER 일본엔선물인버스","9590","70","0.74","9572.28","9525","9590","9525","259","2477740","6713000000","6700594384","700000","엔선물지수","612.27","-0.99","-0.16"
"292590","TIGER 일본엔선물인버스2X","8715","45","0.52","8706.50","8630","8715","8630","137","1189510","6100500000","6094553383","700000","엔선물지수","612.27","-0.99","-0.16"
"150460","TIGER 중국소비테마","7470","60","0.81","7503.78","7425","7500","7415","130755","976383510","162472500000","163207119594","21750000","FnGuide 중국내수테마 지수","3680.82","40.76","1.12"
"292140","TIGER 중소형가치","10805","190","1.79","10864.79","10595","10810","10595","777","8389965","6483000000","6518875372","600000","FnGuide 중소형가치 지수","5124.38","87.25","1.73"
"292130","TIGER 중소형성장","11760","190","1.64","11849.70","11705","11845","11705","587","6902865","7644000000","7702306797","650000","FnGuide 중소형성장 지수","1018.40","15.89","1.59"
"302190","TIGER 중장기국채","52795","-50","-0.09","52753.68","52845","52845","52735","2501","132035055","89751500000","89681259715","1700000","KIS 국채 3-10년 지수(시장가격지수)","11365.09","-9.61","-0.08"
"157500","TIGER 증권","4380","30","0.69","4381.51","4345","4380","4295","30205","130937070","9548400000","9551698931","2180000","FnGuide 증권 지수","2119.02","15.42","0.73"
"307520","TIGER 지주회사","11530","190","1.68","11528.99","11530","11535","11410","1751","20106630","5765000000","5764492915","500000","FnGuide 지주회사 지수","1664.78","18.23","1.11"
"192090","TIGER 차이나CSI300","11210","50","0.45","11098.77","11195","11360","11130","565722","6352188020","329574000000","324084220464","29400000","CSI 300 Index","5113.71","70.77","1.40"
"204480","TIGER 차이나CSI300레버리지(합성)","29395","415","1.43","29033.96","29215","29540","28935","1209977","35527389505","173430500000","171300360517","5900000","CSI 300 Index","5113.71","70.77","1.40"
"217780","TIGER 차이나CSI300인버스(합성)","8320","-15","-0.18","8239.05","8335","8405","8240","7373","61148335","31616000000","31308403418","3800000","CSI 300 Index","5113.71","70.77","1.40"
"245360","TIGER 차이나HSCEI","12075","90","0.75","11912.15","11985","12125","11975","14111","170745170","70035000000","69090456071","5800000","Hang Seng China H","10662.93","213.76","2.05"
"371470","TIGER 차이나바이오테크SOLACTIVE","11225","195","1.77","10848.08","11045","11230","11000","93116","1037692835","22001000000","22130079214","1960000","Solactive China Biotech Index(Net Total Return)","2881.37","69.96","2.49"
"371460","TIGER 차이나전기차SOLACTIVE","11705","515","4.60","11020.87","11395","11760","11230","423626","4885606735","56652200000","57749384611","4840000","Solactive China Electric Vehicle Index(Net Total Return)","2825.64","148.16","5.53"
"117690","TIGER 차이나항셍25","15900","100","0.63","15686.62","15900","15900","15840","767","12177105","7155000000","7058981152","450000","Hang Seng China (Hong Kong-listed) 25 Index","9437.31","151.26","1.63"
"371160","TIGER 차이나항셍테크","10070","280","2.86","9747.43","9840","10070","9810","420336","4176165705","35245000000","37040239008","3500000","Hang Seng TECH Index","8295.37","297.54","3.72"
"232080","TIGER 코스닥150","15525","5","0.03","15659.08","15500","15675","15415","3006770","46905300955","327888000000","330719861658","21120000","코스닥 150","1532.52","1.47","0.10"
"233160","TIGER 코스닥150 레버리지","18320","150","0.83","18373.78","18170","18630","17935","3086676","56594437530","164880000000","148827584646","9000000","코스닥 150","1532.52","1.47","0.10"
"261060","TIGER 코스닥150IT","16260","300","1.88","16308.60","15965","16335","15955","69525","1123188515","10731600000","10763675451","660000","코스닥 150 정보기술","812.05","13.78","1.73"
"261070","TIGER 코스닥150바이오테크","16300","-185","-1.12","16540.47","16500","16510","16175","25457","414636600","11084000000","11247517897","680000","코스닥 150 헬스케어","5578.37","-61.58","-1.09"
"250780","TIGER 코스닥150선물인버스","4455","-5","-0.11","4452.21","4455","4485","4415","623226","2776932975","27398250000","27381078574","6150000","F-코스닥150 지수","1670.71","3.29","0.20"
"277630","TIGER 코스피","29135","530","1.85","29248.11","28605","29230","28590","2576","74755175","62640250000","62883429437","2150000","코스피","2873.47","52.96","1.88"
"210780","TIGER 코스피고배당","11725","-5","-0.04","11755.98","11730","11735","11620","6105","71164185","16532250000","16575935358","1410000","코스피 고배당 50","2270.16","1.25","0.06"
"277640","TIGER 코스피대형주","14435","280","1.98","14484.04","14200","14435","14195","3283","47332590","11548000000","11587234816","800000","코스피 대형주","2859.22","54.83","1.96"
"277650","TIGER 코스피중형주","14865","265","1.82","14915.21","14620","14870","14620","843","12475065","12635250000","12677924404","850000","코스피 중형주","2953.99","45.90","1.58"
"143860","TIGER 헬스케어","54240","100","0.18","54547.38","54275","54590","53545","134773","7304366150","129091200000","129822767681","2380000","KRX 헬스케어","5517.31","8.63","0.16"
"138540","TIGER 현대차그룹+펀더멘털","21995","345","1.59","21988.52","21650","22070","21650","65280","1432944160","31672800000","31663466533","1440000","MKF 현대차그룹+ FW","21714.54","262.38","1.22"
"228790","TIGER 화장품","3500","20","0.57","3503.65","3470","3510","3465","195391","683171805","16695000000","16712411025","4770000","WISE 화장품 지수","3510.74","28.66","0.82"
"108590","TREX 200","39845","970","2.50","39772.96","38780","39845","38780","42","1652060","27891500000","27841073990","700000","코스피 200","389.29","8.02","2.10"
"145850","TREX 펀더멘탈 200","37685","705","1.91","37608.09","37740","37740","36795","168","6196355","9421250000","9402023112","250000","FnGuide-RAFI 코리아200 지수","9166.26","162.31","1.80"
"137930","마이다스 200커버드콜5%OTM","14920","205","1.39","14962.69","0","0","0","0","0","8952000000","8977616805","600000","코스피 200 커버드콜 5% OTM","404.17","4.92","1.23"
"292340","마이티 200커버드콜ATM레버리지","9745","130","1.35","9711.34","9620","9745","9605","11","106330","4872500000","4855671925","500000","코스피 200 커버드콜 ATM 지수","1303.32","3.46","0.27"
"159800","마이티 코스피100","29685","185","0.63","30319.98","29685","29685","29685","50","1484250","11874000000","12127993653","400000","코스피 100","2974.06","59.82","2.05"
"152870","파워 200","40330","960","2.44","40281.00","39195","40330","39195","216","8563350","26214500000","26182651549","650000","코스피 200","389.29","8.02","2.10"
"192720","파워 고배당저변동성","27285","150","0.55","27265.59","27080","27285","26950","175","4735300","6548400000","6543741273","240000","코스피 200 고배당지수","2657.08","11.30","0.43"
"176710","파워 중기국고채","101740","0","0.00","101761.07","0","0","0","0","0","6104400000","6105664301","60000","KTB INDEX(시장가격)","10769.10","3.91","0.04"
"140950","파워 코스피100","30620","720","2.41","30606.51","29850","30620","29850","45","1358210","14697600000","14691122492","480000","코스피 100","2974.06","59.82","2.05"
"215620","흥국 S&P코리아로우볼","10310","50","0.49","10398.69","0","0","0","0","0","5567400000","5615290573","540000","S&P Korea 저변동성 지수","8378.29","46.21","0.55"