,index,credit
0,21001,2.0
1,21002,0.0
2,21003,2.0
3,21004,2.0
4,21005,2.0
5,21006,1.0
6,21007,2.0
7,21008,2.0
8,21009,2.0
9,21010,2.0
10,21011,2.0
11,21012,2.0
12,21013,2.0
13,21014,2.0
14,21015,1.0
15,21016,2.0
16,21017,2.0
17,21018,0.0
18,21019,2.0
19,21020,1.0
20,21021,1.0
21,21022,2.0
22,21023,2.0
23,21024,2.0
24,21025,2.0
25,21026,2.0
26,21027,2.0
27,21028,1.0
28,21029,2.0
29,21030,1.0
30,21031,2.0
31,21032,0.0
32,21033,2.0
33,21034,2.0
34,21035,2.0
35,21036,2.0
36,21037,2.0
37,21038,2.0
38,21039,2.0
39,21040,2.0
40,21041,1.0
41,21042,2.0
42,21043,2.0
43,21044,1.0
44,21045,2.0
45,21046,2.0
46,21047,2.0
47,21048,2.0
48,21049,2.0
49,21050,1.0
50,21051,2.0
51,21052,2.0
52,21053,0.0
53,21054,2.0
54,21055,2.0
55,21056,2.0
56,21057,1.0
57,21058,2.0
58,21059,1.0
59,21060,2.0
60,21061,2.0
61,21062,2.0
62,21063,2.0
63,21064,2.0
64,21065,2.0
65,21066,2.0
66,21067,2.0
67,21068,2.0
68,21069,2.0
69,21070,1.0
70,21071,2.0
71,21072,2.0
72,21073,1.0
73,21074,0.0
74,21075,1.0
75,21076,2.0
76,21077,2.0
77,21078,2.0
78,21079,1.0
79,21080,2.0
80,21081,2.0
81,21082,2.0
82,21083,2.0
83,21084,2.0
84,21085,2.0
85,21086,2.0
86,21087,2.0
87,21088,2.0
88,21089,0.0
89,21090,2.0
90,21091,2.0
91,21092,2.0
92,21093,2.0
93,21094,2.0
94,21095,2.0
95,21096,2.0
96,21097,1.0
97,21098,2.0
98,21099,2.0
99,21100,2.0
100,21101,2.0
101,21102,2.0
102,21103,2.0
103,21104,2.0
104,21105,2.0
105,21106,2.0
106,21107,2.0
107,21108,0.0
108,21109,2.0
109,21110,2.0
110,21111,1.0
111,21112,1.0
112,21113,1.0
113,21114,1.0
114,21115,2.0
115,21116,2.0
116,21117,2.0
117,21118,2.0
118,21119,2.0
119,21120,2.0
120,21121,1.0
121,21122,1.0
122,21123,2.0
123,21124,2.0
124,21125,2.0
125,21126,2.0
126,21127,2.0
127,21128,1.0
128,21129,2.0
129,21130,1.0
130,21131,2.0
131,21132,2.0
132,21133,1.0
133,21134,1.0
134,21135,2.0
135,21136,1.0
136,21137,2.0
137,21138,2.0
138,21139,2.0
139,21140,0.0
140,21141,1.0
141,21142,2.0
142,21143,2.0
143,21144,2.0
144,21145,1.0
145,21146,2.0
146,21147,2.0
147,21148,2.0
148,21149,2.0
149,21150,2.0
150,21151,1.0
151,21152,0.0
152,21153,2.0
153,21154,2.0
154,21155,1.0
155,21156,2.0
156,21157,0.0
157,21158,2.0
158,21159,0.0
159,21160,1.0
160,21161,2.0
161,21162,2.0
162,21163,2.0
163,21164,1.0
164,21165,2.0
165,21166,2.0
166,21167,2.0
167,21168,1.0
168,21169,2.0
169,21170,2.0
170,21171,2.0
171,21172,2.0
172,21173,1.0
173,21174,2.0
174,21175,1.0
175,21176,2.0
176,21177,1.0
177,21178,2.0
178,21179,2.0
179,21180,2.0
180,21181,0.0
181,21182,2.0
182,21183,1.0
183,21184,2.0
184,21185,2.0
185,21186,0.0
186,21187,2.0
187,21188,0.0
188,21189,0.0
189,21190,2.0
190,21191,2.0
191,21192,2.0
192,21193,1.0
193,21194,2.0
194,21195,2.0
195,21196,2.0
196,21197,2.0
197,21198,2.0
198,21199,2.0
199,21200,2.0
200,21201,2.0
201,21202,2.0
202,21203,2.0
203,21204,2.0
204,21205,2.0
205,21206,2.0
206,21207,0.0
207,21208,2.0
208,21209,2.0
209,21210,2.0
210,21211,2.0
211,21212,2.0
212,21213,2.0
213,21214,1.0
214,21215,0.0
215,21216,2.0
216,21217,1.0
217,21218,2.0
218,21219,1.0
219,21220,1.0
220,21221,2.0
221,21222,1.0
222,21223,2.0
223,21224,1.0
224,21225,2.0
225,21226,1.0
226,21227,2.0
227,21228,2.0
228,21229,2.0
229,21230,2.0
230,21231,2.0
231,21232,1.0
232,21233,2.0
233,21234,2.0
234,21235,1.0
235,21236,2.0
236,21237,2.0
237,21238,0.0
238,21239,2.0
239,21240,2.0
240,21241,2.0
241,21242,2.0
242,21243,2.0
243,21244,2.0
244,21245,2.0
245,21246,1.0
246,21247,1.0
247,21248,2.0
248,21249,2.0
249,21250,2.0
250,21251,2.0
251,21252,1.0
252,21253,2.0
253,21254,1.0
254,21255,2.0
255,21256,1.0
256,21257,2.0
257,21258,1.0
258,21259,1.0
259,21260,1.0
260,21261,2.0
261,21262,1.0
262,21263,2.0
263,21264,2.0
264,21265,2.0
265,21266,1.0
266,21267,2.0
267,21268,2.0
268,21269,2.0
269,21270,2.0
270,21271,1.0
271,21272,0.0
272,21273,2.0
273,21274,2.0
274,21275,1.0
275,21276,2.0
276,21277,1.0
277,21278,1.0
278,21279,2.0
279,21280,2.0
280,21281,1.0
281,21282,2.0
282,21283,2.0
283,21284,2.0
284,21285,1.0
285,21286,0.0
286,21287,1.0
287,21288,2.0
288,21289,2.0
289,21290,2.0
290,21291,1.0
291,21292,2.0
292,21293,2.0
293,21294,2.0
294,21295,2.0
295,21296,0.0
296,21297,2.0
297,21298,2.0
298,21299,1.0
299,21300,2.0
300,21301,2.0
301,21302,2.0
302,21303,1.0
303,21304,2.0
304,21305,2.0
305,21306,2.0
306,21307,2.0
307,21308,1.0
308,21309,1.0
309,21310,2.0
310,21311,0.0
311,21312,2.0
312,21313,1.0
313,21314,2.0
314,21315,2.0
315,21316,1.0
316,21317,2.0
317,21318,2.0
318,21319,2.0
319,21320,1.0
320,21321,2.0
321,21322,1.0
322,21323,2.0
323,21324,0.0
324,21325,2.0
325,21326,2.0
326,21327,0.0
327,21328,2.0
328,21329,2.0
329,21330,0.0
330,21331,2.0
331,21332,1.0
332,21333,2.0
333,21334,1.0
334,21335,2.0
335,21336,2.0
336,21337,2.0
337,21338,0.0
338,21339,2.0
339,21340,2.0
340,21341,2.0
341,21342,0.0
342,21343,2.0
343,21344,1.0
344,21345,2.0
345,21346,2.0
346,21347,2.0
347,21348,2.0
348,21349,1.0
349,21350,0.0
350,21351,2.0
351,21352,2.0
352,21353,2.0
353,21354,1.0
354,21355,2.0
355,21356,1.0
356,21357,2.0
357,21358,2.0
358,21359,2.0
359,21360,1.0
360,21361,1.0
361,21362,2.0
362,21363,0.0
363,21364,2.0
364,21365,2.0
365,21366,2.0
366,21367,2.0
367,21368,2.0
368,21369,1.0
369,21370,2.0
370,21371,2.0
371,21372,2.0
372,21373,2.0
373,21374,2.0
374,21375,2.0
375,21376,0.0
376,21377,2.0
377,21378,2.0
378,21379,2.0
379,21380,2.0
380,21381,2.0
381,21382,2.0
382,21383,2.0
383,21384,1.0
384,21385,2.0
385,21386,2.0
386,21387,1.0
387,21388,1.0
388,21389,2.0
389,21390,2.0
390,21391,2.0
391,21392,2.0
392,21393,2.0
393,21394,2.0
394,21395,1.0
395,21396,2.0
396,21397,1.0
397,21398,2.0
398,21399,2.0
399,21400,2.0
400,21401,1.0
401,21402,2.0
402,21403,1.0
403,21404,2.0
404,21405,2.0
405,21406,1.0
406,21407,2.0
407,21408,2.0
408,21409,2.0
409,21410,1.0
410,21411,2.0
411,21412,2.0
412,21413,1.0
413,21414,2.0
414,21415,2.0
415,21416,1.0
416,21417,2.0
417,21418,2.0
418,21419,2.0
419,21420,2.0
420,21421,2.0
421,21422,2.0
422,21423,2.0
423,21424,2.0
424,21425,2.0
425,21426,2.0
426,21427,2.0
427,21428,2.0
428,21429,2.0
429,21430,2.0
430,21431,2.0
431,21432,1.0
432,21433,2.0
433,21434,2.0
434,21435,2.0
435,21436,1.0
436,21437,2.0
437,21438,2.0
438,21439,2.0
439,21440,1.0
440,21441,2.0
441,21442,1.0
442,21443,1.0
443,21444,2.0
444,21445,2.0
445,21446,2.0
446,21447,2.0
447,21448,1.0
448,21449,2.0
449,21450,2.0
450,21451,2.0
451,21452,2.0
452,21453,1.0
453,21454,0.0
454,21455,1.0
455,21456,1.0
456,21457,1.0
457,21458,2.0
458,21459,2.0
459,21460,2.0
460,21461,2.0
461,21462,2.0
462,21463,2.0
463,21464,1.0
464,21465,2.0
465,21466,0.0
466,21467,1.0
467,21468,2.0
468,21469,2.0
469,21470,2.0
470,21471,0.0
471,21472,2.0
472,21473,0.0
473,21474,2.0
474,21475,2.0
475,21476,2.0
476,21477,0.0
477,21478,2.0
478,21479,2.0
479,21480,1.0
480,21481,2.0
481,21482,2.0
482,21483,2.0
483,21484,1.0
484,21485,1.0
485,21486,2.0
486,21487,1.0
487,21488,2.0
488,21489,2.0
489,21490,2.0
490,21491,2.0
491,21492,2.0
492,21493,2.0
493,21494,2.0
494,21495,2.0
495,21496,2.0
496,21497,1.0
497,21498,2.0
498,21499,2.0
499,21500,2.0
500,21501,2.0
501,21502,2.0
502,21503,2.0
503,21504,2.0
504,21505,1.0
505,21506,2.0
506,21507,1.0
507,21508,2.0
508,21509,1.0
509,21510,2.0
510,21511,2.0
511,21512,2.0
512,21513,2.0
513,21514,2.0
514,21515,1.0
515,21516,2.0
516,21517,2.0
517,21518,2.0
518,21519,2.0
519,21520,2.0
520,21521,1.0
521,21522,2.0
522,21523,2.0
523,21524,2.0
524,21525,2.0
525,21526,2.0
526,21527,1.0
527,21528,2.0
528,21529,1.0
529,21530,2.0
530,21531,2.0
531,21532,2.0
532,21533,2.0
533,21534,2.0
534,21535,1.0
535,21536,2.0
536,21537,2.0
537,21538,2.0
538,21539,0.0
539,21540,0.0
540,21541,0.0
541,21542,1.0
542,21543,2.0
543,21544,2.0
544,21545,2.0
545,21546,1.0
546,21547,2.0
547,21548,2.0
548,21549,2.0
549,21550,1.0
550,21551,2.0
551,21552,2.0
552,21553,2.0
553,21554,2.0
554,21555,2.0
555,21556,0.0
556,21557,1.0
557,21558,2.0
558,21559,1.0
559,21560,2.0
560,21561,1.0
561,21562,2.0
562,21563,2.0
563,21564,2.0
564,21565,2.0
565,21566,1.0
566,21567,2.0
567,21568,2.0
568,21569,1.0
569,21570,1.0
570,21571,1.0
571,21572,1.0
572,21573,2.0
573,21574,2.0
574,21575,2.0
575,21576,2.0
576,21577,2.0
577,21578,2.0
578,21579,1.0
579,21580,2.0
580,21581,2.0
581,21582,2.0
582,21583,2.0
583,21584,1.0
584,21585,1.0
585,21586,1.0
586,21587,1.0
587,21588,1.0
588,21589,1.0
589,21590,2.0
590,21591,0.0
591,21592,2.0
592,21593,2.0
593,21594,0.0
594,21595,2.0
595,21596,2.0
596,21597,0.0
597,21598,2.0
598,21599,2.0
599,21600,2.0
600,21601,2.0
601,21602,1.0
602,21603,1.0
603,21604,2.0
604,21605,2.0
605,21606,2.0
606,21607,1.0
607,21608,2.0
608,21609,2.0
609,21610,1.0
610,21611,2.0
611,21612,2.0
612,21613,2.0
613,21614,2.0
614,21615,0.0
615,21616,2.0
616,21617,2.0
617,21618,0.0
618,21619,2.0
619,21620,2.0
620,21621,2.0
621,21622,1.0
622,21623,2.0
623,21624,2.0
624,21625,2.0
625,21626,2.0
626,21627,1.0
627,21628,2.0
628,21629,2.0
629,21630,2.0
630,21631,1.0
631,21632,2.0
632,21633,2.0
633,21634,2.0
634,21635,2.0
635,21636,2.0
636,21637,2.0
637,21638,2.0
638,21639,2.0
639,21640,2.0
640,21641,2.0
641,21642,0.0
642,21643,2.0
643,21644,1.0
644,21645,2.0
645,21646,2.0
646,21647,1.0
647,21648,2.0
648,21649,2.0
649,21650,1.0
650,21651,2.0
651,21652,2.0
652,21653,1.0
653,21654,1.0
654,21655,2.0
655,21656,2.0
656,21657,2.0
657,21658,1.0
658,21659,1.0
659,21660,2.0
660,21661,2.0
661,21662,2.0
662,21663,2.0
663,21664,2.0
664,21665,2.0
665,21666,2.0
666,21667,2.0
667,21668,2.0
668,21669,2.0
669,21670,2.0
670,21671,2.0
671,21672,2.0
672,21673,1.0
673,21674,2.0
674,21675,2.0
675,21676,2.0
676,21677,2.0
677,21678,2.0
678,21679,0.0
679,21680,2.0
680,21681,1.0
681,21682,2.0
682,21683,2.0
683,21684,2.0
684,21685,1.0
685,21686,2.0
686,21687,2.0
687,21688,2.0
688,21689,1.0
689,21690,2.0
690,21691,1.0
691,21692,2.0
692,21693,2.0
693,21694,0.0
694,21695,2.0
695,21696,0.0
696,21697,2.0
697,21698,0.0
698,21699,2.0
699,21700,0.0
700,21701,2.0
701,21702,2.0
702,21703,2.0
703,21704,0.0
704,21705,2.0
705,21706,2.0
706,21707,2.0
707,21708,1.0
708,21709,1.0
709,21710,2.0
710,21711,1.0
711,21712,2.0
712,21713,2.0
713,21714,1.0
714,21715,2.0
715,21716,2.0
716,21717,2.0
717,21718,2.0
718,21719,2.0
719,21720,1.0
720,21721,2.0
721,21722,2.0
722,21723,2.0
723,21724,2.0
724,21725,1.0
725,21726,2.0
726,21727,2.0
727,21728,1.0
728,21729,2.0
729,21730,2.0
730,21731,2.0
731,21732,1.0
732,21733,2.0
733,21734,2.0
734,21735,2.0
735,21736,2.0
736,21737,2.0
737,21738,2.0
738,21739,2.0
739,21740,2.0
740,21741,1.0
741,21742,2.0
742,21743,2.0
743,21744,2.0
744,21745,2.0
745,21746,2.0
746,21747,2.0
747,21748,2.0
748,21749,2.0
749,21750,2.0
750,21751,1.0
751,21752,1.0
752,21753,1.0
753,21754,1.0
754,21755,2.0
755,21756,1.0
756,21757,2.0
757,21758,2.0
758,21759,2.0
759,21760,2.0
760,21761,2.0
761,21762,2.0
762,21763,2.0
763,21764,1.0
764,21765,2.0
765,21766,2.0
766,21767,2.0
767,21768,2.0
768,21769,2.0
769,21770,2.0
770,21771,1.0
771,21772,2.0
772,21773,2.0
773,21774,2.0
774,21775,1.0
775,21776,2.0
776,21777,2.0
777,21778,2.0
778,21779,2.0
779,21780,2.0
780,21781,1.0
781,21782,2.0
782,21783,1.0
783,21784,0.0
784,21785,2.0
785,21786,2.0
786,21787,0.0
787,21788,2.0
788,21789,2.0
789,21790,2.0
790,21791,2.0
791,21792,2.0
792,21793,2.0
793,21794,2.0
794,21795,2.0
795,21796,2.0
796,21797,1.0
797,21798,2.0
798,21799,2.0
799,21800,1.0
800,21801,2.0
801,21802,1.0
802,21803,2.0
803,21804,2.0
804,21805,2.0
805,21806,1.0
806,21807,2.0
807,21808,2.0
808,21809,2.0
809,21810,2.0
810,21811,2.0
811,21812,2.0
812,21813,0.0
813,21814,2.0
814,21815,1.0
815,21816,2.0
816,21817,2.0
817,21818,2.0
818,21819,2.0
819,21820,2.0
820,21821,1.0
821,21822,2.0
822,21823,2.0
823,21824,1.0
824,21825,2.0
825,21826,1.0
826,21827,2.0
827,21828,2.0
828,21829,1.0
829,21830,2.0
830,21831,0.0
831,21832,1.0
832,21833,0.0
833,21834,2.0
834,21835,2.0
835,21836,1.0
836,21837,1.0
837,21838,0.0
838,21839,2.0
839,21840,2.0
840,21841,1.0
841,21842,2.0
842,21843,2.0
843,21844,1.0
844,21845,0.0
845,21846,1.0
846,21847,2.0
847,21848,1.0
848,21849,2.0
849,21850,0.0
850,21851,2.0
851,21852,2.0
852,21853,0.0
853,21854,2.0
854,21855,1.0
855,21856,2.0
856,21857,0.0
857,21858,1.0
858,21859,2.0
859,21860,2.0
860,21861,2.0
861,21862,2.0
862,21863,2.0
863,21864,2.0
864,21865,2.0
865,21866,1.0
866,21867,1.0
867,21868,2.0
868,21869,2.0
869,21870,2.0
870,21871,1.0
871,21872,2.0
872,21873,2.0
873,21874,1.0
874,21875,2.0
875,21876,2.0
876,21877,2.0
877,21878,2.0
878,21879,2.0
879,21880,2.0
880,21881,2.0
881,21882,2.0
882,21883,2.0
883,21884,1.0
884,21885,2.0
885,21886,2.0
886,21887,2.0
887,21888,1.0
888,21889,2.0
889,21890,1.0
890,21891,2.0
891,21892,1.0
892,21893,2.0
893,21894,0.0
894,21895,0.0
895,21896,2.0
896,21897,2.0
897,21898,2.0
898,21899,2.0
899,21900,2.0
900,21901,2.0
901,21902,2.0
902,21903,2.0
903,21904,2.0
904,21905,2.0
905,21906,1.0
906,21907,0.0
907,21908,2.0
908,21909,2.0
909,21910,2.0
910,21911,2.0
911,21912,2.0
912,21913,2.0
913,21914,2.0
914,21915,2.0
915,21916,1.0
916,21917,2.0
917,21918,0.0
918,21919,2.0
919,21920,1.0
920,21921,0.0
921,21922,2.0
922,21923,2.0
923,21924,2.0
924,21925,2.0
925,21926,2.0
926,21927,2.0
927,21928,2.0
928,21929,2.0
929,21930,2.0
930,21931,2.0
931,21932,2.0
932,21933,2.0
933,21934,2.0
934,21935,2.0
935,21936,2.0
936,21937,2.0
937,21938,2.0
938,21939,2.0
939,21940,2.0
940,21941,2.0
941,21942,1.0
942,21943,2.0
943,21944,2.0
944,21945,2.0
945,21946,2.0
946,21947,1.0
947,21948,2.0
948,21949,2.0
949,21950,2.0
950,21951,1.0
951,21952,2.0
952,21953,2.0
953,21954,2.0
954,21955,2.0
955,21956,2.0
956,21957,2.0
957,21958,2.0
958,21959,1.0
959,21960,1.0
960,21961,2.0
961,21962,2.0
962,21963,1.0
963,21964,2.0
964,21965,1.0
965,21966,2.0
966,21967,1.0
967,21968,2.0
968,21969,2.0
969,21970,2.0
970,21971,2.0
971,21972,2.0
972,21973,2.0
973,21974,2.0
974,21975,2.0
975,21976,2.0
976,21977,2.0
977,21978,2.0
978,21979,2.0
979,21980,2.0
980,21981,2.0
981,21982,2.0
982,21983,2.0
983,21984,0.0
984,21985,2.0
985,21986,2.0
986,21987,2.0
987,21988,2.0
988,21989,1.0
989,21990,1.0
990,21991,2.0
991,21992,2.0
992,21993,1.0
993,21994,2.0
994,21995,2.0
995,21996,1.0
996,21997,2.0
997,21998,2.0
998,21999,2.0
999,22000,2.0
1000,22001,2.0
1001,22002,2.0
1002,22003,0.0
1003,22004,2.0
1004,22005,2.0
1005,22006,2.0
1006,22007,2.0
1007,22008,1.0
1008,22009,2.0
1009,22010,2.0
1010,22011,2.0
1011,22012,1.0
1012,22013,2.0
1013,22014,2.0
1014,22015,2.0
1015,22016,2.0
1016,22017,2.0
1017,22018,2.0
1018,22019,2.0
1019,22020,2.0
1020,22021,1.0
1021,22022,2.0
1022,22023,2.0
1023,22024,2.0
1024,22025,2.0
1025,22026,1.0
1026,22027,2.0
1027,22028,0.0
1028,22029,2.0
1029,22030,1.0
1030,22031,1.0
1031,22032,1.0
1032,22033,1.0
1033,22034,2.0
1034,22035,2.0
1035,22036,2.0
1036,22037,0.0
1037,22038,2.0
1038,22039,2.0
1039,22040,1.0
1040,22041,2.0
1041,22042,2.0
1042,22043,0.0
1043,22044,2.0
1044,22045,2.0
1045,22046,2.0
1046,22047,2.0
1047,22048,1.0
1048,22049,2.0
1049,22050,0.0
1050,22051,2.0
1051,22052,2.0
1052,22053,1.0
1053,22054,2.0
1054,22055,1.0
1055,22056,2.0
1056,22057,2.0
1057,22058,2.0
1058,22059,2.0
1059,22060,1.0
1060,22061,1.0
1061,22062,2.0
1062,22063,2.0
1063,22064,0.0
1064,22065,1.0
1065,22066,2.0
1066,22067,1.0
1067,22068,2.0
1068,22069,2.0
1069,22070,2.0
1070,22071,0.0
1071,22072,2.0
1072,22073,2.0
1073,22074,1.0
1074,22075,0.0
1075,22076,2.0
1076,22077,2.0
1077,22078,0.0
1078,22079,0.0
1079,22080,0.0
1080,22081,0.0
1081,22082,2.0
1082,22083,2.0
1083,22084,2.0
1084,22085,2.0
1085,22086,1.0
1086,22087,0.0
1087,22088,2.0
1088,22089,1.0
1089,22090,2.0
1090,22091,2.0
1091,22092,2.0
1092,22093,2.0
1093,22094,2.0
1094,22095,2.0
1095,22096,2.0
1096,22097,2.0
1097,22098,2.0
1098,22099,2.0
1099,22100,2.0
1100,22101,2.0
1101,22102,2.0
1102,22103,2.0
1103,22104,2.0
1104,22105,2.0
1105,22106,1.0
1106,22107,2.0
1107,22108,2.0
1108,22109,1.0
1109,22110,2.0
1110,22111,2.0
1111,22112,2.0
1112,22113,2.0
1113,22114,2.0
1114,22115,2.0
1115,22116,2.0
1116,22117,2.0
1117,22118,1.0
1118,22119,2.0
1119,22120,1.0
1120,22121,1.0
1121,22122,0.0
1122,22123,1.0
1123,22124,2.0
1124,22125,1.0
1125,22126,2.0
1126,22127,2.0
1127,22128,2.0
1128,22129,2.0
1129,22130,2.0
1130,22131,2.0
1131,22132,2.0
1132,22133,2.0
1133,22134,1.0
1134,22135,2.0
1135,22136,2.0
1136,22137,0.0
1137,22138,1.0
1138,22139,2.0
1139,22140,2.0
1140,22141,2.0
1141,22142,2.0
1142,22143,2.0
1143,22144,2.0
1144,22145,2.0
1145,22146,1.0
1146,22147,1.0
1147,22148,1.0
1148,22149,2.0
1149,22150,2.0
1150,22151,2.0
1151,22152,2.0
1152,22153,0.0
1153,22154,2.0
1154,22155,2.0
1155,22156,1.0
1156,22157,2.0
1157,22158,2.0
1158,22159,2.0
1159,22160,1.0
1160,22161,2.0
1161,22162,2.0
1162,22163,0.0
1163,22164,2.0
1164,22165,1.0
1165,22166,2.0
1166,22167,2.0
1167,22168,2.0
1168,22169,2.0
1169,22170,0.0
1170,22171,2.0
1171,22172,2.0
1172,22173,2.0
1173,22174,2.0
1174,22175,0.0
1175,22176,2.0
1176,22177,2.0
1177,22178,2.0
1178,22179,2.0
1179,22180,2.0
1180,22181,2.0
1181,22182,0.0
1182,22183,2.0
1183,22184,2.0
1184,22185,2.0
1185,22186,2.0
1186,22187,1.0
1187,22188,1.0
1188,22189,1.0
1189,22190,1.0
1190,22191,2.0
1191,22192,2.0
1192,22193,0.0
1193,22194,2.0
1194,22195,2.0
1195,22196,2.0
1196,22197,1.0
1197,22198,2.0
1198,22199,0.0
1199,22200,1.0
1200,22201,2.0
1201,22202,1.0
1202,22203,2.0
1203,22204,2.0
1204,22205,0.0
1205,22206,2.0
1206,22207,2.0
1207,22208,2.0
1208,22209,2.0
1209,22210,2.0
1210,22211,2.0
1211,22212,0.0
1212,22213,1.0
1213,22214,1.0
1214,22215,1.0
1215,22216,1.0
1216,22217,0.0
1217,22218,0.0
1218,22219,2.0
1219,22220,1.0
1220,22221,1.0
1221,22222,2.0
1222,22223,2.0
1223,22224,2.0
1224,22225,2.0
1225,22226,2.0
1226,22227,2.0
1227,22228,1.0
1228,22229,1.0
1229,22230,2.0
1230,22231,2.0
1231,22232,2.0
1232,22233,1.0
1233,22234,2.0
1234,22235,0.0
1235,22236,2.0
1236,22237,1.0
1237,22238,2.0
1238,22239,2.0
1239,22240,2.0
1240,22241,2.0
1241,22242,2.0
1242,22243,0.0
1243,22244,2.0
1244,22245,2.0
1245,22246,2.0
1246,22247,2.0
1247,22248,1.0
1248,22249,2.0
1249,22250,0.0
1250,22251,2.0
1251,22252,2.0
1252,22253,2.0
1253,22254,2.0
1254,22255,0.0
1255,22256,2.0
1256,22257,2.0
1257,22258,1.0
1258,22259,2.0
1259,22260,2.0
1260,22261,2.0
1261,22262,2.0
1262,22263,2.0
1263,22264,1.0
1264,22265,1.0
1265,22266,2.0
1266,22267,2.0
1267,22268,2.0
1268,22269,2.0
1269,22270,2.0
1270,22271,2.0
1271,22272,2.0
1272,22273,2.0
1273,22274,2.0
1274,22275,1.0
1275,22276,2.0
1276,22277,2.0
1277,22278,2.0
1278,22279,1.0
1279,22280,2.0
1280,22281,1.0
1281,22282,1.0
1282,22283,2.0
1283,22284,2.0
1284,22285,2.0
1285,22286,2.0
1286,22287,2.0
1287,22288,2.0
1288,22289,1.0
1289,22290,1.0
1290,22291,2.0
1291,22292,2.0
1292,22293,2.0
1293,22294,2.0
1294,22295,2.0
1295,22296,0.0
1296,22297,2.0
1297,22298,1.0
1298,22299,2.0
1299,22300,1.0
1300,22301,2.0
1301,22302,1.0
1302,22303,2.0
1303,22304,2.0
1304,22305,1.0
1305,22306,1.0
1306,22307,2.0
1307,22308,0.0
1308,22309,2.0
1309,22310,2.0
1310,22311,2.0
1311,22312,2.0
1312,22313,1.0
1313,22314,2.0
1314,22315,2.0
1315,22316,1.0
1316,22317,2.0
1317,22318,2.0
1318,22319,2.0
1319,22320,2.0
1320,22321,1.0
1321,22322,1.0
1322,22323,2.0
1323,22324,2.0
1324,22325,2.0
1325,22326,2.0
1326,22327,2.0
1327,22328,2.0
1328,22329,2.0
1329,22330,1.0
1330,22331,2.0
1331,22332,2.0
1332,22333,1.0
1333,22334,1.0
1334,22335,2.0
1335,22336,2.0
1336,22337,2.0
1337,22338,2.0
1338,22339,2.0
1339,22340,2.0
1340,22341,2.0
1341,22342,2.0
1342,22343,0.0
1343,22344,2.0
1344,22345,2.0
1345,22346,1.0
1346,22347,0.0
1347,22348,2.0
1348,22349,2.0
1349,22350,1.0
1350,22351,2.0
1351,22352,2.0
1352,22353,2.0
1353,22354,1.0
1354,22355,1.0
1355,22356,2.0
1356,22357,1.0
1357,22358,0.0
1358,22359,2.0
1359,22360,2.0
1360,22361,2.0
1361,22362,2.0
1362,22363,2.0
1363,22364,2.0
1364,22365,2.0
1365,22366,2.0
1366,22367,2.0
1367,22368,0.0
1368,22369,2.0
1369,22370,2.0
1370,22371,2.0
1371,22372,2.0
1372,22373,2.0
1373,22374,2.0
1374,22375,0.0
1375,22376,2.0
1376,22377,2.0
1377,22378,2.0
1378,22379,2.0
1379,22380,2.0
1380,22381,2.0
1381,22382,2.0
1382,22383,2.0
1383,22384,2.0
1384,22385,0.0
1385,22386,2.0
1386,22387,2.0
1387,22388,2.0
1388,22389,2.0
1389,22390,2.0
1390,22391,2.0
1391,22392,2.0
1392,22393,1.0
1393,22394,2.0
1394,22395,2.0
1395,22396,2.0
1396,22397,2.0
1397,22398,2.0
1398,22399,2.0
1399,22400,1.0
1400,22401,2.0
1401,22402,2.0
1402,22403,2.0
1403,22404,2.0
1404,22405,2.0
1405,22406,2.0
1406,22407,2.0
1407,22408,1.0
1408,22409,1.0
1409,22410,2.0
1410,22411,2.0
1411,22412,1.0
1412,22413,2.0
1413,22414,2.0
1414,22415,2.0
1415,22416,2.0
1416,22417,2.0
1417,22418,1.0
1418,22419,1.0
1419,22420,1.0
1420,22421,2.0
1421,22422,2.0
1422,22423,2.0
1423,22424,2.0
1424,22425,2.0
1425,22426,1.0
1426,22427,1.0
1427,22428,2.0
1428,22429,1.0
1429,22430,1.0
1430,22431,1.0
1431,22432,2.0
1432,22433,2.0
1433,22434,2.0
1434,22435,2.0
1435,22436,2.0
1436,22437,2.0
1437,22438,2.0
1438,22439,0.0
1439,22440,2.0
1440,22441,0.0
1441,22442,1.0
1442,22443,2.0
1443,22444,2.0
1444,22445,1.0
1445,22446,2.0
1446,22447,2.0
1447,22448,2.0
1448,22449,2.0
1449,22450,2.0
1450,22451,2.0
1451,22452,2.0
1452,22453,1.0
1453,22454,2.0
1454,22455,0.0
1455,22456,2.0
1456,22457,2.0
1457,22458,2.0
1458,22459,1.0
1459,22460,2.0
1460,22461,2.0
1461,22462,2.0
1462,22463,2.0
1463,22464,2.0
1464,22465,2.0
1465,22466,1.0
1466,22467,2.0
1467,22468,2.0
1468,22469,0.0
1469,22470,0.0
1470,22471,2.0
1471,22472,2.0
1472,22473,2.0
1473,22474,1.0
1474,22475,2.0
1475,22476,2.0
1476,22477,2.0
1477,22478,1.0
1478,22479,2.0
1479,22480,2.0
1480,22481,2.0
1481,22482,2.0
1482,22483,0.0
1483,22484,1.0
1484,22485,2.0
1485,22486,2.0
1486,22487,2.0
1487,22488,1.0
1488,22489,2.0
1489,22490,2.0
1490,22491,1.0
1491,22492,2.0
1492,22493,1.0
1493,22494,2.0
1494,22495,1.0
1495,22496,2.0
1496,22497,1.0
1497,22498,2.0
1498,22499,2.0
1499,22500,1.0
1500,22501,2.0
1501,22502,2.0
1502,22503,2.0
1503,22504,2.0
1504,22505,2.0
1505,22506,1.0
1506,22507,1.0
1507,22508,2.0
1508,22509,2.0
1509,22510,0.0
1510,22511,2.0
1511,22512,2.0
1512,22513,2.0
1513,22514,2.0
1514,22515,2.0
1515,22516,2.0
1516,22517,1.0
1517,22518,2.0
1518,22519,2.0
1519,22520,2.0
1520,22521,2.0
1521,22522,2.0
1522,22523,2.0
1523,22524,0.0
1524,22525,2.0
1525,22526,2.0
1526,22527,2.0
1527,22528,1.0
1528,22529,2.0
1529,22530,2.0
1530,22531,2.0
1531,22532,2.0
1532,22533,2.0
1533,22534,2.0
1534,22535,1.0
1535,22536,2.0
1536,22537,0.0
1537,22538,1.0
1538,22539,2.0
1539,22540,0.0
1540,22541,2.0
1541,22542,2.0
1542,22543,2.0
1543,22544,2.0
1544,22545,1.0
1545,22546,1.0
1546,22547,1.0
1547,22548,1.0
1548,22549,2.0
1549,22550,2.0
1550,22551,2.0
1551,22552,0.0
1552,22553,1.0
1553,22554,2.0
1554,22555,2.0
1555,22556,2.0
1556,22557,0.0
1557,22558,2.0
1558,22559,0.0
1559,22560,0.0
1560,22561,2.0
1561,22562,0.0
1562,22563,2.0
1563,22564,1.0
1564,22565,2.0
1565,22566,0.0
1566,22567,1.0
1567,22568,1.0
1568,22569,0.0
1569,22570,2.0
1570,22571,2.0
1571,22572,2.0
1572,22573,2.0
1573,22574,2.0
1574,22575,2.0
1575,22576,2.0
1576,22577,0.0
1577,22578,0.0
1578,22579,2.0
1579,22580,2.0
1580,22581,2.0
1581,22582,1.0
1582,22583,2.0
1583,22584,2.0
1584,22585,0.0
1585,22586,2.0
1586,22587,1.0
1587,22588,2.0
1588,22589,0.0
1589,22590,2.0
1590,22591,1.0
1591,22592,2.0
1592,22593,2.0
1593,22594,2.0
1594,22595,2.0
1595,22596,2.0
1596,22597,1.0
1597,22598,2.0
1598,22599,0.0
1599,22600,2.0
1600,22601,1.0
1601,22602,0.0
1602,22603,2.0
1603,22604,2.0
1604,22605,1.0
1605,22606,2.0
1606,22607,1.0
1607,22608,2.0
1608,22609,2.0
1609,22610,2.0
1610,22611,1.0
1611,22612,2.0
1612,22613,2.0
1613,22614,1.0
1614,22615,1.0
1615,22616,2.0
1616,22617,1.0
1617,22618,1.0
1618,22619,2.0
1619,22620,2.0
1620,22621,1.0
1621,22622,2.0
1622,22623,2.0
1623,22624,2.0
1624,22625,2.0
1625,22626,2.0
1626,22627,2.0
1627,22628,2.0
1628,22629,2.0
1629,22630,1.0
1630,22631,2.0
1631,22632,2.0
1632,22633,2.0
1633,22634,2.0
1634,22635,2.0
1635,22636,2.0
1636,22637,2.0
1637,22638,2.0
1638,22639,2.0
1639,22640,1.0
1640,22641,2.0
1641,22642,2.0
1642,22643,2.0
1643,22644,2.0
1644,22645,2.0
1645,22646,2.0
1646,22647,1.0
1647,22648,2.0
1648,22649,2.0
1649,22650,2.0
1650,22651,1.0
1651,22652,1.0
1652,22653,2.0
1653,22654,1.0
1654,22655,1.0
1655,22656,2.0
1656,22657,2.0
1657,22658,0.0
1658,22659,2.0
1659,22660,2.0
1660,22661,2.0
1661,22662,2.0
1662,22663,2.0
1663,22664,1.0
1664,22665,0.0
1665,22666,2.0
1666,22667,1.0
1667,22668,2.0
1668,22669,2.0
1669,22670,2.0
1670,22671,2.0
1671,22672,2.0
1672,22673,2.0
1673,22674,0.0
1674,22675,2.0
1675,22676,2.0
1676,22677,2.0
1677,22678,2.0
1678,22679,0.0
1679,22680,2.0
1680,22681,2.0
1681,22682,2.0
1682,22683,2.0
1683,22684,2.0
1684,22685,1.0
1685,22686,2.0
1686,22687,0.0
1687,22688,1.0
1688,22689,2.0
1689,22690,1.0
1690,22691,2.0
1691,22692,2.0
1692,22693,1.0
1693,22694,2.0
1694,22695,2.0
1695,22696,2.0
1696,22697,2.0
1697,22698,0.0
1698,22699,2.0
1699,22700,2.0
1700,22701,1.0
1701,22702,2.0
1702,22703,1.0
1703,22704,2.0
1704,22705,2.0
1705,22706,0.0
1706,22707,2.0
1707,22708,2.0
1708,22709,2.0
1709,22710,1.0
1710,22711,2.0
1711,22712,2.0
1712,22713,2.0
1713,22714,0.0
1714,22715,2.0
1715,22716,2.0
1716,22717,2.0
1717,22718,2.0
1718,22719,2.0
1719,22720,1.0
1720,22721,2.0
1721,22722,2.0
1722,22723,2.0
1723,22724,0.0
1724,22725,1.0
1725,22726,2.0
1726,22727,2.0
1727,22728,2.0
1728,22729,1.0
1729,22730,0.0
1730,22731,2.0
1731,22732,0.0
1732,22733,2.0
1733,22734,2.0
1734,22735,2.0
1735,22736,1.0
1736,22737,2.0
1737,22738,2.0
1738,22739,2.0
1739,22740,2.0
1740,22741,2.0
1741,22742,0.0
1742,22743,0.0
1743,22744,2.0
1744,22745,0.0
1745,22746,2.0
1746,22747,2.0
1747,22748,0.0
1748,22749,1.0
1749,22750,2.0
1750,22751,0.0
1751,22752,2.0
1752,22753,1.0
1753,22754,2.0
1754,22755,2.0
1755,22756,1.0
1756,22757,2.0
1757,22758,2.0
1758,22759,2.0
1759,22760,2.0
1760,22761,1.0
1761,22762,2.0
1762,22763,2.0
1763,22764,1.0
1764,22765,2.0
1765,22766,1.0
1766,22767,1.0
1767,22768,2.0
1768,22769,1.0
1769,22770,2.0
1770,22771,0.0
1771,22772,2.0
1772,22773,2.0
1773,22774,2.0
1774,22775,0.0
1775,22776,2.0
1776,22777,1.0
1777,22778,2.0
1778,22779,2.0
1779,22780,1.0
1780,22781,2.0
1781,22782,2.0
1782,22783,2.0
1783,22784,2.0
1784,22785,2.0
1785,22786,2.0
1786,22787,2.0
1787,22788,2.0
1788,22789,2.0
1789,22790,2.0
1790,22791,2.0
1791,22792,2.0
1792,22793,1.0
1793,22794,2.0
1794,22795,2.0
1795,22796,2.0
1796,22797,2.0
1797,22798,2.0
1798,22799,0.0
1799,22800,2.0
1800,22801,2.0
1801,22802,2.0
1802,22803,2.0
1803,22804,2.0
1804,22805,2.0
1805,22806,2.0
1806,22807,0.0
1807,22808,2.0
1808,22809,1.0
1809,22810,0.0
1810,22811,2.0
1811,22812,2.0
1812,22813,0.0
1813,22814,2.0
1814,22815,2.0
1815,22816,2.0
1816,22817,2.0
1817,22818,1.0
1818,22819,2.0
1819,22820,0.0
1820,22821,1.0
1821,22822,1.0
1822,22823,1.0
1823,22824,2.0
1824,22825,1.0
1825,22826,1.0
1826,22827,2.0
1827,22828,2.0
1828,22829,2.0
1829,22830,2.0
1830,22831,1.0
1831,22832,2.0
1832,22833,2.0
1833,22834,2.0
1834,22835,0.0
1835,22836,1.0
1836,22837,0.0
1837,22838,2.0
1838,22839,1.0
1839,22840,2.0
1840,22841,2.0
1841,22842,2.0
1842,22843,2.0
1843,22844,2.0
1844,22845,2.0
1845,22846,1.0
1846,22847,0.0
1847,22848,2.0
1848,22849,2.0
1849,22850,1.0
1850,22851,1.0
1851,22852,2.0
1852,22853,2.0
1853,22854,2.0
1854,22855,1.0
1855,22856,2.0
1856,22857,2.0
1857,22858,2.0
1858,22859,2.0
1859,22860,2.0
1860,22861,2.0
1861,22862,2.0
1862,22863,2.0
1863,22864,2.0
1864,22865,1.0
1865,22866,0.0
1866,22867,2.0
1867,22868,2.0
1868,22869,2.0
1869,22870,2.0
1870,22871,1.0
1871,22872,2.0
1872,22873,2.0
1873,22874,2.0
1874,22875,2.0
1875,22876,2.0
1876,22877,2.0
1877,22878,1.0
1878,22879,2.0
1879,22880,2.0
1880,22881,0.0
1881,22882,2.0
1882,22883,0.0
1883,22884,2.0
1884,22885,2.0
1885,22886,2.0
1886,22887,2.0
1887,22888,2.0
1888,22889,1.0
1889,22890,2.0
1890,22891,2.0
1891,22892,1.0
1892,22893,0.0
1893,22894,1.0
1894,22895,2.0
1895,22896,2.0
1896,22897,2.0
1897,22898,1.0
1898,22899,0.0
1899,22900,2.0
1900,22901,1.0
1901,22902,2.0
1902,22903,1.0
1903,22904,2.0
1904,22905,2.0
1905,22906,2.0
1906,22907,2.0
1907,22908,2.0
1908,22909,2.0
1909,22910,2.0
1910,22911,2.0
1911,22912,1.0
1912,22913,2.0
1913,22914,2.0
1914,22915,2.0
1915,22916,1.0
1916,22917,2.0
1917,22918,1.0
1918,22919,2.0
1919,22920,0.0
1920,22921,2.0
1921,22922,2.0
1922,22923,2.0
1923,22924,1.0
1924,22925,2.0
1925,22926,2.0
1926,22927,2.0
1927,22928,2.0
1928,22929,1.0
1929,22930,1.0
1930,22931,1.0
1931,22932,2.0
1932,22933,2.0
1933,22934,2.0
1934,22935,1.0
1935,22936,0.0
1936,22937,2.0
1937,22938,2.0
1938,22939,2.0
1939,22940,0.0
1940,22941,2.0
1941,22942,2.0
1942,22943,2.0
1943,22944,2.0
1944,22945,2.0
1945,22946,2.0
1946,22947,2.0
1947,22948,2.0
1948,22949,2.0
1949,22950,2.0
1950,22951,2.0
1951,22952,1.0
1952,22953,2.0
1953,22954,1.0
1954,22955,2.0
1955,22956,1.0
1956,22957,0.0
1957,22958,2.0
1958,22959,2.0
1959,22960,2.0
1960,22961,2.0
1961,22962,2.0
1962,22963,1.0
1963,22964,2.0
1964,22965,0.0
1965,22966,1.0
1966,22967,2.0
1967,22968,1.0
1968,22969,0.0
1969,22970,2.0
1970,22971,2.0
1971,22972,2.0
1972,22973,1.0
1973,22974,2.0
1974,22975,2.0
1975,22976,2.0
1976,22977,2.0
1977,22978,1.0
1978,22979,1.0
1979,22980,1.0
1980,22981,2.0
1981,22982,2.0
1982,22983,2.0
1983,22984,2.0
1984,22985,2.0
1985,22986,2.0
1986,22987,2.0
1987,22988,2.0
1988,22989,2.0
1989,22990,2.0
1990,22991,1.0
1991,22992,2.0
1992,22993,2.0
1993,22994,2.0
1994,22995,2.0
1995,22996,2.0
1996,22997,2.0
1997,22998,2.0
1998,22999,2.0
1999,23000,2.0
2000,23001,1.0
2001,23002,1.0
2002,23003,1.0
2003,23004,2.0
2004,23005,2.0
2005,23006,2.0
2006,23007,1.0
2007,23008,2.0
2008,23009,2.0
2009,23010,1.0
2010,23011,1.0
2011,23012,1.0
2012,23013,2.0
2013,23014,2.0
2014,23015,2.0
2015,23016,1.0
2016,23017,1.0
2017,23018,2.0
2018,23019,2.0
2019,23020,2.0
2020,23021,2.0
2021,23022,2.0
2022,23023,1.0
2023,23024,2.0
2024,23025,2.0
2025,23026,2.0
2026,23027,0.0
2027,23028,2.0
2028,23029,2.0
2029,23030,2.0
2030,23031,2.0
2031,23032,2.0
2032,23033,2.0
2033,23034,2.0
2034,23035,1.0
2035,23036,1.0
2036,23037,2.0
2037,23038,1.0
2038,23039,1.0
2039,23040,1.0
2040,23041,2.0
2041,23042,2.0
2042,23043,2.0
2043,23044,1.0
2044,23045,2.0
2045,23046,2.0
2046,23047,2.0
2047,23048,2.0
2048,23049,1.0
2049,23050,0.0
2050,23051,2.0
2051,23052,2.0
2052,23053,2.0
2053,23054,2.0
2054,23055,2.0
2055,23056,2.0
2056,23057,2.0
2057,23058,2.0
2058,23059,2.0
2059,23060,0.0
2060,23061,2.0
2061,23062,2.0
2062,23063,2.0
2063,23064,0.0
2064,23065,0.0
2065,23066,1.0
2066,23067,1.0
2067,23068,2.0
2068,23069,2.0
2069,23070,2.0
2070,23071,2.0
2071,23072,2.0
2072,23073,1.0
2073,23074,1.0
2074,23075,2.0
2075,23076,2.0
2076,23077,2.0
2077,23078,2.0
2078,23079,2.0
2079,23080,2.0
2080,23081,2.0
2081,23082,2.0
2082,23083,1.0
2083,23084,2.0
2084,23085,1.0
2085,23086,2.0
2086,23087,0.0
2087,23088,2.0
2088,23089,2.0
2089,23090,2.0
2090,23091,2.0
2091,23092,1.0
2092,23093,2.0
2093,23094,2.0
2094,23095,1.0
2095,23096,2.0
2096,23097,0.0
2097,23098,2.0
2098,23099,1.0
2099,23100,2.0
2100,23101,1.0
2101,23102,1.0
2102,23103,1.0
2103,23104,1.0
2104,23105,2.0
2105,23106,1.0
2106,23107,2.0
2107,23108,2.0
2108,23109,0.0
2109,23110,0.0
2110,23111,2.0
2111,23112,0.0
2112,23113,2.0
2113,23114,2.0
2114,23115,2.0
2115,23116,1.0
2116,23117,2.0
2117,23118,0.0
2118,23119,2.0
2119,23120,2.0
2120,23121,2.0
2121,23122,2.0
2122,23123,1.0
2123,23124,2.0
2124,23125,2.0
2125,23126,2.0
2126,23127,2.0
2127,23128,2.0
2128,23129,2.0
2129,23130,1.0
2130,23131,2.0
2131,23132,1.0
2132,23133,1.0
2133,23134,1.0
2134,23135,0.0
2135,23136,2.0
2136,23137,2.0
2137,23138,2.0
2138,23139,2.0
2139,23140,1.0
2140,23141,2.0
2141,23142,0.0
2142,23143,2.0
2143,23144,2.0
2144,23145,0.0
2145,23146,1.0
2146,23147,2.0
2147,23148,2.0
2148,23149,2.0
2149,23150,2.0
2150,23151,0.0
2151,23152,2.0
2152,23153,2.0
2153,23154,2.0
2154,23155,1.0
2155,23156,2.0
2156,23157,2.0
2157,23158,2.0
2158,23159,2.0
2159,23160,2.0
2160,23161,1.0
2161,23162,2.0
2162,23163,0.0
2163,23164,2.0
2164,23165,2.0
2165,23166,1.0
2166,23167,2.0
2167,23168,2.0
2168,23169,2.0
2169,23170,2.0
2170,23171,1.0
2171,23172,2.0
2172,23173,2.0
2173,23174,2.0
2174,23175,2.0
2175,23176,2.0
2176,23177,1.0
2177,23178,2.0
2178,23179,1.0
2179,23180,2.0
2180,23181,1.0
2181,23182,1.0
2182,23183,1.0
2183,23184,2.0
2184,23185,2.0
2185,23186,2.0
2186,23187,1.0
2187,23188,2.0
2188,23189,0.0
2189,23190,2.0
2190,23191,2.0
2191,23192,2.0
2192,23193,0.0
2193,23194,2.0
2194,23195,2.0
2195,23196,1.0
2196,23197,2.0
2197,23198,0.0
2198,23199,1.0
2199,23200,2.0
2200,23201,2.0
2201,23202,1.0
2202,23203,0.0
2203,23204,2.0
2204,23205,1.0
2205,23206,2.0
2206,23207,2.0
2207,23208,2.0
2208,23209,2.0
2209,23210,1.0
2210,23211,2.0
2211,23212,2.0
2212,23213,2.0
2213,23214,2.0
2214,23215,2.0
2215,23216,2.0
2216,23217,0.0
2217,23218,2.0
2218,23219,2.0
2219,23220,2.0
2220,23221,2.0
2221,23222,2.0
2222,23223,1.0
2223,23224,2.0
2224,23225,0.0
2225,23226,2.0
2226,23227,2.0
2227,23228,2.0
2228,23229,2.0
2229,23230,2.0
2230,23231,0.0
2231,23232,1.0
2232,23233,2.0
2233,23234,2.0
2234,23235,2.0
2235,23236,2.0
2236,23237,1.0
2237,23238,2.0
2238,23239,2.0
2239,23240,2.0
2240,23241,2.0
2241,23242,2.0
2242,23243,2.0
2243,23244,2.0
2244,23245,2.0
2245,23246,1.0
2246,23247,2.0
2247,23248,2.0
2248,23249,2.0
2249,23250,2.0
2250,23251,2.0
2251,23252,2.0
2252,23253,2.0
2253,23254,2.0
2254,23255,2.0
2255,23256,2.0
2256,23257,1.0
2257,23258,2.0
2258,23259,2.0
2259,23260,1.0
2260,23261,2.0
2261,23262,1.0
2262,23263,2.0
2263,23264,2.0
2264,23265,2.0
2265,23266,2.0
2266,23267,2.0
2267,23268,1.0
2268,23269,1.0
2269,23270,2.0
2270,23271,2.0
2271,23272,2.0
2272,23273,2.0
2273,23274,0.0
2274,23275,2.0
2275,23276,2.0
2276,23277,2.0
2277,23278,0.0
2278,23279,1.0
2279,23280,2.0
2280,23281,2.0
2281,23282,2.0
2282,23283,1.0
2283,23284,1.0
2284,23285,2.0
2285,23286,1.0
2286,23287,1.0
2287,23288,2.0
2288,23289,2.0
2289,23290,2.0
2290,23291,2.0
2291,23292,2.0
2292,23293,0.0
2293,23294,2.0
2294,23295,2.0
2295,23296,2.0
2296,23297,2.0
2297,23298,2.0
2298,23299,2.0
2299,23300,2.0
2300,23301,2.0
2301,23302,2.0
2302,23303,1.0
2303,23304,2.0
2304,23305,2.0
2305,23306,2.0
2306,23307,0.0
2307,23308,2.0
2308,23309,0.0
2309,23310,2.0
2310,23311,2.0
2311,23312,2.0
2312,23313,2.0
2313,23314,2.0
2314,23315,2.0
2315,23316,1.0
2316,23317,2.0
2317,23318,2.0
2318,23319,2.0
2319,23320,2.0
2320,23321,0.0
2321,23322,2.0
2322,23323,2.0
2323,23324,2.0
2324,23325,1.0
2325,23326,0.0
2326,23327,2.0
2327,23328,2.0
2328,23329,2.0
2329,23330,2.0
2330,23331,1.0
2331,23332,2.0
2332,23333,2.0
2333,23334,1.0
2334,23335,2.0
2335,23336,1.0
2336,23337,2.0
2337,23338,1.0
2338,23339,2.0
2339,23340,2.0
2340,23341,2.0
2341,23342,2.0
2342,23343,2.0
2343,23344,2.0
2344,23345,2.0
2345,23346,2.0
2346,23347,2.0
2347,23348,2.0
2348,23349,2.0
2349,23350,2.0
2350,23351,2.0
2351,23352,2.0
2352,23353,2.0
2353,23354,2.0
2354,23355,2.0
2355,23356,2.0
2356,23357,2.0
2357,23358,2.0
2358,23359,2.0
2359,23360,2.0
2360,23361,2.0
2361,23362,2.0
2362,23363,1.0
2363,23364,2.0
2364,23365,2.0
2365,23366,0.0
2366,23367,2.0
2367,23368,0.0
2368,23369,1.0
2369,23370,2.0
2370,23371,2.0
2371,23372,2.0
2372,23373,2.0
2373,23374,2.0
2374,23375,2.0
2375,23376,2.0
2376,23377,2.0
2377,23378,2.0
2378,23379,2.0
2379,23380,2.0
2380,23381,2.0
2381,23382,2.0
2382,23383,2.0
2383,23384,0.0
2384,23385,2.0
2385,23386,2.0
2386,23387,2.0
2387,23388,1.0
2388,23389,1.0
2389,23390,2.0
2390,23391,2.0
2391,23392,2.0
2392,23393,1.0
2393,23394,0.0
2394,23395,2.0
2395,23396,2.0
2396,23397,2.0
2397,23398,2.0
2398,23399,2.0
2399,23400,1.0
2400,23401,0.0
2401,23402,2.0
2402,23403,2.0
2403,23404,2.0
2404,23405,2.0
2405,23406,2.0
2406,23407,1.0
2407,23408,2.0
2408,23409,2.0
2409,23410,2.0
2410,23411,1.0
2411,23412,2.0
2412,23413,2.0
2413,23414,2.0
2414,23415,0.0
2415,23416,1.0
2416,23417,0.0
2417,23418,2.0
2418,23419,2.0
2419,23420,1.0
2420,23421,2.0
2421,23422,0.0
2422,23423,2.0
2423,23424,1.0
2424,23425,2.0
2425,23426,2.0
2426,23427,1.0
2427,23428,2.0
2428,23429,2.0
2429,23430,0.0
2430,23431,0.0
2431,23432,2.0
2432,23433,2.0
2433,23434,2.0
2434,23435,2.0
2435,23436,2.0
2436,23437,2.0
2437,23438,2.0
2438,23439,2.0
2439,23440,2.0
2440,23441,2.0
2441,23442,1.0
2442,23443,2.0
2443,23444,2.0
2444,23445,2.0
2445,23446,2.0
2446,23447,2.0
2447,23448,2.0
2448,23449,2.0
2449,23450,2.0
2450,23451,1.0
2451,23452,2.0
2452,23453,1.0
2453,23454,2.0
2454,23455,1.0
2455,23456,2.0
2456,23457,2.0
2457,23458,1.0
2458,23459,2.0
2459,23460,0.0
2460,23461,2.0
2461,23462,2.0
2462,23463,2.0
2463,23464,2.0
2464,23465,2.0
2465,23466,2.0
2466,23467,2.0
2467,23468,2.0
2468,23469,2.0
2469,23470,1.0
2470,23471,2.0
2471,23472,0.0
2472,23473,2.0
2473,23474,2.0
2474,23475,1.0
2475,23476,1.0
2476,23477,2.0
2477,23478,0.0
2478,23479,2.0
2479,23480,2.0
2480,23481,2.0
2481,23482,2.0
2482,23483,1.0
2483,23484,2.0
2484,23485,2.0
2485,23486,1.0
2486,23487,2.0
2487,23488,2.0
2488,23489,2.0
2489,23490,1.0
2490,23491,2.0
2491,23492,2.0
2492,23493,2.0
2493,23494,2.0
2494,23495,2.0
2495,23496,1.0
2496,23497,2.0
2497,23498,1.0
2498,23499,1.0
2499,23500,2.0
2500,23501,2.0
2501,23502,2.0
2502,23503,1.0
2503,23504,2.0
2504,23505,0.0
2505,23506,2.0
2506,23507,2.0
2507,23508,2.0
2508,23509,2.0
2509,23510,2.0
2510,23511,2.0
2511,23512,2.0
2512,23513,2.0
2513,23514,2.0
2514,23515,2.0
2515,23516,2.0
2516,23517,1.0
2517,23518,2.0
2518,23519,2.0
2519,23520,2.0
2520,23521,0.0
2521,23522,2.0
2522,23523,2.0
2523,23524,2.0
2524,23525,2.0
2525,23526,2.0
2526,23527,2.0
2527,23528,1.0
2528,23529,2.0
2529,23530,1.0
2530,23531,2.0
2531,23532,2.0
2532,23533,1.0
2533,23534,1.0
2534,23535,2.0
2535,23536,2.0
2536,23537,2.0
2537,23538,0.0
2538,23539,1.0
2539,23540,2.0
2540,23541,2.0
2541,23542,2.0
2542,23543,2.0
2543,23544,2.0
2544,23545,2.0
2545,23546,1.0
2546,23547,2.0
2547,23548,1.0
2548,23549,1.0
2549,23550,1.0
2550,23551,2.0
2551,23552,2.0
2552,23553,1.0
2553,23554,2.0
2554,23555,2.0
2555,23556,2.0
2556,23557,2.0
2557,23558,1.0
2558,23559,2.0
2559,23560,2.0
2560,23561,0.0
2561,23562,2.0
2562,23563,2.0
2563,23564,1.0
2564,23565,1.0
2565,23566,2.0
2566,23567,2.0
2567,23568,2.0
2568,23569,1.0
2569,23570,2.0
2570,23571,2.0
2571,23572,2.0
2572,23573,0.0
2573,23574,2.0
2574,23575,1.0
2575,23576,0.0
2576,23577,2.0
2577,23578,1.0
2578,23579,1.0
2579,23580,1.0
2580,23581,2.0
2581,23582,0.0
2582,23583,2.0
2583,23584,2.0
2584,23585,2.0
2585,23586,2.0
2586,23587,1.0
2587,23588,1.0
2588,23589,1.0
2589,23590,1.0
2590,23591,2.0
2591,23592,2.0
2592,23593,2.0
2593,23594,2.0
2594,23595,2.0
2595,23596,1.0
2596,23597,1.0
2597,23598,1.0
2598,23599,2.0
2599,23600,2.0
2600,23601,0.0
2601,23602,2.0
2602,23603,2.0
2603,23604,2.0
2604,23605,2.0
2605,23606,2.0
2606,23607,1.0
2607,23608,0.0
2608,23609,2.0
2609,23610,2.0
2610,23611,2.0
2611,23612,1.0
2612,23613,2.0
2613,23614,1.0
2614,23615,2.0
2615,23616,0.0
2616,23617,2.0
2617,23618,1.0
2618,23619,0.0
2619,23620,0.0
2620,23621,1.0
2621,23622,2.0
2622,23623,0.0
2623,23624,1.0
2624,23625,2.0
2625,23626,2.0
2626,23627,0.0
2627,23628,2.0
2628,23629,2.0
2629,23630,2.0
2630,23631,2.0
2631,23632,2.0
2632,23633,2.0
2633,23634,2.0
2634,23635,1.0
2635,23636,2.0
2636,23637,2.0
2637,23638,2.0
2638,23639,2.0
2639,23640,2.0
2640,23641,1.0
2641,23642,2.0
2642,23643,2.0
2643,23644,2.0
2644,23645,2.0
2645,23646,1.0
2646,23647,2.0
2647,23648,1.0
2648,23649,2.0
2649,23650,2.0
2650,23651,0.0
2651,23652,1.0
2652,23653,2.0
2653,23654,2.0
2654,23655,2.0
2655,23656,2.0
2656,23657,0.0
2657,23658,2.0
2658,23659,2.0
2659,23660,2.0
2660,23661,2.0
2661,23662,2.0
2662,23663,2.0
2663,23664,2.0
2664,23665,2.0
2665,23666,2.0
2666,23667,2.0
2667,23668,2.0
2668,23669,2.0
2669,23670,2.0
2670,23671,2.0
2671,23672,1.0
2672,23673,2.0
2673,23674,1.0
2674,23675,2.0
2675,23676,0.0
2676,23677,1.0
2677,23678,2.0
2678,23679,2.0
2679,23680,2.0
2680,23681,2.0
2681,23682,2.0
2682,23683,2.0
2683,23684,1.0
2684,23685,2.0
2685,23686,2.0
2686,23687,2.0
2687,23688,1.0
2688,23689,2.0
2689,23690,1.0
2690,23691,2.0
2691,23692,2.0
2692,23693,2.0
2693,23694,1.0
2694,23695,2.0
2695,23696,2.0
2696,23697,1.0
2697,23698,2.0
2698,23699,2.0
2699,23700,0.0
2700,23701,2.0
2701,23702,2.0
2702,23703,2.0
2703,23704,2.0
2704,23705,2.0
2705,23706,1.0
2706,23707,1.0
2707,23708,2.0
2708,23709,2.0
2709,23710,2.0
2710,23711,2.0
2711,23712,2.0
2712,23713,2.0
2713,23714,2.0
2714,23715,0.0
2715,23716,2.0
2716,23717,1.0
2717,23718,1.0
2718,23719,2.0
2719,23720,2.0
2720,23721,1.0
2721,23722,1.0
2722,23723,2.0
2723,23724,2.0
2724,23725,2.0
2725,23726,2.0
2726,23727,2.0
2727,23728,2.0
2728,23729,2.0
2729,23730,2.0
2730,23731,2.0
2731,23732,1.0
2732,23733,2.0
2733,23734,2.0
2734,23735,2.0
2735,23736,2.0
2736,23737,2.0
2737,23738,2.0
2738,23739,1.0
2739,23740,1.0
2740,23741,2.0
2741,23742,2.0
2742,23743,1.0
2743,23744,2.0
2744,23745,2.0
2745,23746,2.0
2746,23747,2.0
2747,23748,2.0
2748,23749,2.0
2749,23750,2.0
2750,23751,1.0
2751,23752,2.0
2752,23753,2.0
2753,23754,2.0
2754,23755,2.0
2755,23756,2.0
2756,23757,2.0
2757,23758,2.0
2758,23759,2.0
2759,23760,1.0
2760,23761,2.0
2761,23762,2.0
2762,23763,2.0
2763,23764,2.0
2764,23765,2.0
2765,23766,1.0
2766,23767,2.0
2767,23768,2.0
2768,23769,2.0
2769,23770,2.0
2770,23771,2.0
2771,23772,1.0
2772,23773,1.0
2773,23774,1.0
2774,23775,1.0
2775,23776,2.0
2776,23777,2.0
2777,23778,2.0
2778,23779,1.0
2779,23780,2.0
2780,23781,1.0
2781,23782,2.0
2782,23783,2.0
2783,23784,2.0
2784,23785,2.0
2785,23786,2.0
2786,23787,2.0
2787,23788,2.0
2788,23789,2.0
2789,23790,2.0
2790,23791,2.0
2791,23792,0.0
2792,23793,1.0
2793,23794,2.0
2794,23795,2.0
2795,23796,0.0
2796,23797,2.0
2797,23798,1.0
2798,23799,2.0
2799,23800,2.0
2800,23801,2.0
2801,23802,1.0
2802,23803,2.0
2803,23804,2.0
2804,23805,2.0
2805,23806,2.0
2806,23807,2.0
2807,23808,2.0
2808,23809,2.0
2809,23810,1.0
2810,23811,2.0
2811,23812,2.0
2812,23813,2.0
2813,23814,2.0
2814,23815,2.0
2815,23816,2.0
2816,23817,2.0
2817,23818,2.0
2818,23819,1.0
2819,23820,1.0
2820,23821,2.0
2821,23822,2.0
2822,23823,1.0
2823,23824,1.0
2824,23825,2.0
2825,23826,2.0
2826,23827,2.0
2827,23828,1.0
2828,23829,0.0
2829,23830,2.0
2830,23831,1.0
2831,23832,2.0
2832,23833,2.0
2833,23834,1.0
2834,23835,2.0
2835,23836,2.0
2836,23837,2.0
2837,23838,1.0
2838,23839,2.0
2839,23840,2.0
2840,23841,2.0
2841,23842,1.0
2842,23843,1.0
2843,23844,1.0
2844,23845,2.0
2845,23846,0.0
2846,23847,2.0
2847,23848,2.0
2848,23849,2.0
2849,23850,0.0
2850,23851,2.0
2851,23852,0.0
2852,23853,2.0
2853,23854,2.0
2854,23855,2.0
2855,23856,2.0
2856,23857,1.0
2857,23858,2.0
2858,23859,2.0
2859,23860,2.0
2860,23861,2.0
2861,23862,2.0
2862,23863,2.0
2863,23864,2.0
2864,23865,0.0
2865,23866,1.0
2866,23867,2.0
2867,23868,1.0
2868,23869,0.0
2869,23870,2.0
2870,23871,2.0
2871,23872,1.0
2872,23873,2.0
2873,23874,2.0
2874,23875,2.0
2875,23876,2.0
2876,23877,1.0
2877,23878,2.0
2878,23879,2.0
2879,23880,2.0
2880,23881,2.0
2881,23882,2.0
2882,23883,1.0
2883,23884,2.0
2884,23885,1.0
2885,23886,1.0
2886,23887,2.0
2887,23888,2.0
2888,23889,0.0
2889,23890,0.0
2890,23891,0.0
2891,23892,2.0
2892,23893,0.0
2893,23894,2.0
2894,23895,2.0
2895,23896,1.0
2896,23897,2.0
2897,23898,2.0
2898,23899,2.0
2899,23900,2.0
2900,23901,2.0
2901,23902,2.0
2902,23903,2.0
2903,23904,2.0
2904,23905,1.0
2905,23906,2.0
2906,23907,1.0
2907,23908,1.0
2908,23909,0.0
2909,23910,2.0
2910,23911,2.0
2911,23912,2.0
2912,23913,2.0
2913,23914,2.0
2914,23915,2.0
2915,23916,2.0
2916,23917,1.0
2917,23918,1.0
2918,23919,2.0
2919,23920,2.0
2920,23921,2.0
2921,23922,2.0
2922,23923,1.0
2923,23924,2.0
2924,23925,2.0
2925,23926,1.0
2926,23927,2.0
2927,23928,2.0
2928,23929,2.0
2929,23930,2.0
2930,23931,2.0
2931,23932,0.0
2932,23933,2.0
2933,23934,2.0
2934,23935,2.0
2935,23936,2.0
2936,23937,2.0
2937,23938,2.0
2938,23939,2.0
2939,23940,2.0
2940,23941,1.0
2941,23942,2.0
2942,23943,2.0
2943,23944,2.0
2944,23945,1.0
2945,23946,2.0
2946,23947,0.0
2947,23948,2.0
2948,23949,2.0
2949,23950,2.0
2950,23951,2.0
2951,23952,2.0
2952,23953,2.0
2953,23954,0.0
2954,23955,2.0
2955,23956,0.0
2956,23957,2.0
2957,23958,2.0
2958,23959,2.0
2959,23960,2.0
2960,23961,2.0
2961,23962,2.0
2962,23963,2.0
2963,23964,2.0
2964,23965,2.0
2965,23966,0.0
2966,23967,2.0
2967,23968,1.0
2968,23969,2.0
2969,23970,2.0
2970,23971,2.0
2971,23972,2.0
2972,23973,1.0
2973,23974,2.0
2974,23975,2.0
2975,23976,2.0
2976,23977,2.0
2977,23978,2.0
2978,23979,2.0
2979,23980,1.0
2980,23981,2.0
2981,23982,2.0
2982,23983,1.0
2983,23984,1.0
2984,23985,2.0
2985,23986,2.0
2986,23987,2.0
2987,23988,2.0
2988,23989,2.0
2989,23990,2.0
2990,23991,2.0
2991,23992,2.0
2992,23993,2.0
2993,23994,1.0
2994,23995,2.0
2995,23996,1.0
2996,23997,2.0
2997,23998,0.0
2998,23999,2.0
2999,24000,2.0
3000,24001,0.0
3001,24002,2.0
3002,24003,1.0
3003,24004,0.0
3004,24005,2.0
3005,24006,1.0
3006,24007,2.0
3007,24008,2.0
3008,24009,2.0
3009,24010,2.0
3010,24011,2.0
3011,24012,2.0
3012,24013,2.0
3013,24014,2.0
3014,24015,2.0
3015,24016,2.0
3016,24017,2.0
3017,24018,2.0
3018,24019,1.0
3019,24020,2.0
3020,24021,2.0
3021,24022,2.0
3022,24023,2.0
3023,24024,2.0
3024,24025,0.0
3025,24026,2.0
3026,24027,2.0
3027,24028,2.0
3028,24029,2.0
3029,24030,2.0
3030,24031,2.0
3031,24032,2.0
3032,24033,2.0
3033,24034,2.0
3034,24035,2.0
3035,24036,1.0
3036,24037,2.0
3037,24038,2.0
3038,24039,2.0
3039,24040,0.0
3040,24041,2.0
3041,24042,2.0
3042,24043,2.0
3043,24044,1.0
3044,24045,0.0
3045,24046,0.0
3046,24047,2.0
3047,24048,2.0
3048,24049,2.0
3049,24050,2.0
3050,24051,2.0
3051,24052,1.0
3052,24053,2.0
3053,24054,2.0
3054,24055,1.0
3055,24056,2.0
3056,24057,2.0
3057,24058,1.0
3058,24059,2.0
3059,24060,1.0
3060,24061,2.0
3061,24062,1.0
3062,24063,2.0
3063,24064,2.0
3064,24065,1.0
3065,24066,2.0
3066,24067,2.0
3067,24068,1.0
3068,24069,2.0
3069,24070,0.0
3070,24071,2.0
3071,24072,2.0
3072,24073,2.0
3073,24074,1.0
3074,24075,2.0
3075,24076,2.0
3076,24077,2.0
3077,24078,2.0
3078,24079,2.0
3079,24080,0.0
3080,24081,1.0
3081,24082,1.0
3082,24083,2.0
3083,24084,2.0
3084,24085,1.0
3085,24086,2.0
3086,24087,2.0
3087,24088,2.0
3088,24089,2.0
3089,24090,2.0
3090,24091,1.0
3091,24092,2.0
3092,24093,2.0
3093,24094,2.0
3094,24095,2.0
3095,24096,1.0
3096,24097,2.0
3097,24098,2.0
3098,24099,2.0
3099,24100,1.0
3100,24101,2.0
3101,24102,2.0
3102,24103,2.0
3103,24104,2.0
3104,24105,1.0
3105,24106,1.0
3106,24107,0.0
3107,24108,0.0
3108,24109,1.0
3109,24110,1.0
3110,24111,2.0
3111,24112,1.0
3112,24113,1.0
3113,24114,1.0
3114,24115,1.0
3115,24116,2.0
3116,24117,2.0
3117,24118,2.0
3118,24119,1.0
3119,24120,2.0
3120,24121,2.0
3121,24122,2.0
3122,24123,0.0
3123,24124,2.0
3124,24125,2.0
3125,24126,0.0
3126,24127,2.0
3127,24128,2.0
3128,24129,2.0
3129,24130,2.0
3130,24131,0.0
3131,24132,2.0
3132,24133,2.0
3133,24134,1.0
3134,24135,1.0
3135,24136,2.0
3136,24137,1.0
3137,24138,2.0
3138,24139,2.0
3139,24140,1.0
3140,24141,2.0
3141,24142,2.0
3142,24143,2.0
3143,24144,2.0
3144,24145,2.0
3145,24146,2.0
3146,24147,2.0
3147,24148,2.0
3148,24149,2.0
3149,24150,2.0
3150,24151,2.0
3151,24152,1.0
3152,24153,0.0
3153,24154,2.0
3154,24155,2.0
3155,24156,2.0
3156,24157,2.0
3157,24158,2.0
3158,24159,2.0
3159,24160,2.0
3160,24161,2.0
3161,24162,1.0
3162,24163,2.0
3163,24164,2.0
3164,24165,1.0
3165,24166,0.0
3166,24167,2.0
3167,24168,2.0
3168,24169,2.0
3169,24170,2.0
3170,24171,2.0
3171,24172,1.0
3172,24173,2.0
3173,24174,2.0
3174,24175,2.0
3175,24176,2.0
3176,24177,0.0
3177,24178,2.0
3178,24179,2.0
3179,24180,2.0
3180,24181,0.0
3181,24182,2.0
3182,24183,1.0
3183,24184,2.0
3184,24185,2.0
3185,24186,2.0
3186,24187,2.0
3187,24188,2.0
3188,24189,2.0
3189,24190,0.0
3190,24191,2.0
3191,24192,2.0
3192,24193,0.0
3193,24194,2.0
3194,24195,0.0
3195,24196,2.0
3196,24197,2.0
3197,24198,2.0
3198,24199,1.0
3199,24200,2.0
3200,24201,2.0
3201,24202,1.0
3202,24203,1.0
3203,24204,2.0
3204,24205,2.0
3205,24206,2.0
3206,24207,0.0
3207,24208,1.0
3208,24209,2.0
3209,24210,1.0
3210,24211,1.0
3211,24212,2.0
3212,24213,1.0
3213,24214,1.0
3214,24215,2.0
3215,24216,2.0
3216,24217,2.0
3217,24218,2.0
3218,24219,2.0
3219,24220,1.0
3220,24221,2.0
3221,24222,2.0
3222,24223,2.0
3223,24224,2.0
3224,24225,2.0
3225,24226,2.0
3226,24227,2.0
3227,24228,1.0
3228,24229,1.0
3229,24230,1.0
3230,24231,1.0
3231,24232,2.0
3232,24233,2.0
3233,24234,2.0
3234,24235,0.0
3235,24236,2.0
3236,24237,2.0
3237,24238,0.0
3238,24239,2.0
3239,24240,2.0
3240,24241,2.0
3241,24242,2.0
3242,24243,0.0
3243,24244,2.0
3244,24245,2.0
3245,24246,2.0
3246,24247,2.0
3247,24248,0.0
3248,24249,2.0
3249,24250,2.0
3250,24251,2.0
3251,24252,2.0
3252,24253,2.0
3253,24254,1.0
3254,24255,1.0
3255,24256,2.0
3256,24257,2.0
3257,24258,2.0
3258,24259,0.0
3259,24260,2.0
3260,24261,2.0
3261,24262,2.0
3262,24263,2.0
3263,24264,2.0
3264,24265,2.0
3265,24266,2.0
3266,24267,2.0
3267,24268,2.0
3268,24269,2.0
3269,24270,2.0
3270,24271,2.0
3271,24272,2.0
3272,24273,2.0
3273,24274,2.0
3274,24275,1.0
3275,24276,1.0
3276,24277,2.0
3277,24278,2.0
3278,24279,0.0
3279,24280,2.0
3280,24281,2.0
3281,24282,1.0
3282,24283,1.0
3283,24284,2.0
3284,24285,2.0
3285,24286,1.0
3286,24287,2.0
3287,24288,1.0
3288,24289,2.0
3289,24290,2.0
3290,24291,2.0
3291,24292,2.0
3292,24293,2.0
3293,24294,2.0
3294,24295,2.0
3295,24296,2.0
3296,24297,2.0
3297,24298,2.0
3298,24299,2.0
3299,24300,2.0
3300,24301,1.0
3301,24302,2.0
3302,24303,2.0
3303,24304,1.0
3304,24305,2.0
3305,24306,2.0
3306,24307,0.0
3307,24308,2.0
3308,24309,2.0
3309,24310,2.0
3310,24311,2.0
3311,24312,2.0
3312,24313,1.0
3313,24314,2.0
3314,24315,1.0
3315,24316,2.0
3316,24317,2.0
3317,24318,1.0
3318,24319,2.0
3319,24320,1.0
3320,24321,2.0
3321,24322,1.0
3322,24323,1.0
3323,24324,1.0
3324,24325,2.0
3325,24326,1.0
3326,24327,2.0
3327,24328,2.0
3328,24329,2.0
3329,24330,2.0
3330,24331,2.0
3331,24332,1.0
3332,24333,1.0
3333,24334,2.0
3334,24335,2.0
3335,24336,2.0
3336,24337,0.0
3337,24338,2.0
3338,24339,2.0
3339,24340,2.0
3340,24341,1.0
3341,24342,1.0
3342,24343,2.0
3343,24344,2.0
3344,24345,0.0
3345,24346,2.0
3346,24347,1.0
3347,24348,2.0
3348,24349,2.0
3349,24350,2.0
3350,24351,2.0
3351,24352,2.0
3352,24353,2.0
3353,24354,2.0
3354,24355,2.0
3355,24356,2.0
3356,24357,2.0
3357,24358,2.0
3358,24359,2.0
3359,24360,2.0
3360,24361,2.0
3361,24362,0.0
3362,24363,2.0
3363,24364,2.0
3364,24365,1.0
3365,24366,2.0
3366,24367,0.0
3367,24368,2.0
3368,24369,2.0
3369,24370,2.0
3370,24371,2.0
3371,24372,2.0
3372,24373,1.0
3373,24374,2.0
3374,24375,2.0
3375,24376,2.0
3376,24377,2.0
3377,24378,2.0
3378,24379,2.0
3379,24380,2.0
3380,24381,2.0
3381,24382,2.0
3382,24383,1.0
3383,24384,2.0
3384,24385,2.0
3385,24386,2.0
3386,24387,2.0
3387,24388,2.0
3388,24389,2.0
3389,24390,2.0
3390,24391,2.0
3391,24392,2.0
3392,24393,2.0
3393,24394,2.0
3394,24395,1.0
3395,24396,2.0
3396,24397,2.0
3397,24398,2.0
3398,24399,1.0
3399,24400,2.0
3400,24401,0.0
3401,24402,1.0
3402,24403,2.0
3403,24404,1.0
3404,24405,2.0
3405,24406,1.0
3406,24407,2.0
3407,24408,2.0
3408,24409,2.0
3409,24410,2.0
3410,24411,2.0
3411,24412,1.0
3412,24413,2.0
3413,24414,1.0
3414,24415,2.0
3415,24416,2.0
3416,24417,0.0
3417,24418,2.0
3418,24419,2.0
3419,24420,2.0
3420,24421,0.0
3421,24422,1.0
3422,24423,2.0
3423,24424,2.0
3424,24425,0.0
3425,24426,2.0
3426,24427,2.0
3427,24428,0.0
3428,24429,2.0
3429,24430,0.0
3430,24431,1.0
3431,24432,2.0
3432,24433,2.0
3433,24434,2.0
3434,24435,0.0
3435,24436,2.0
3436,24437,2.0
3437,24438,2.0
3438,24439,2.0
3439,24440,2.0
3440,24441,2.0
3441,24442,2.0
3442,24443,2.0
3443,24444,2.0
3444,24445,1.0
3445,24446,1.0
3446,24447,2.0
3447,24448,2.0
3448,24449,2.0
3449,24450,2.0
3450,24451,0.0
3451,24452,2.0
3452,24453,2.0
3453,24454,1.0
3454,24455,1.0
3455,24456,1.0
3456,24457,0.0
3457,24458,1.0
3458,24459,2.0
3459,24460,2.0
3460,24461,2.0
3461,24462,2.0
3462,24463,2.0
3463,24464,2.0
3464,24465,2.0
3465,24466,2.0
3466,24467,2.0
3467,24468,0.0
3468,24469,2.0
3469,24470,2.0
3470,24471,2.0
3471,24472,2.0
3472,24473,2.0
3473,24474,2.0
3474,24475,2.0
3475,24476,2.0
3476,24477,2.0
3477,24478,2.0
3478,24479,2.0
3479,24480,2.0
3480,24481,2.0
3481,24482,2.0
3482,24483,2.0
3483,24484,2.0
3484,24485,1.0
3485,24486,2.0
3486,24487,2.0
3487,24488,2.0
3488,24489,2.0
3489,24490,2.0
3490,24491,2.0
3491,24492,2.0
3492,24493,2.0
3493,24494,2.0
3494,24495,2.0
3495,24496,2.0
3496,24497,2.0
3497,24498,2.0
3498,24499,2.0
3499,24500,2.0
3500,24501,2.0
3501,24502,2.0
3502,24503,2.0
3503,24504,1.0
3504,24505,1.0
3505,24506,2.0
3506,24507,2.0
3507,24508,2.0
3508,24509,1.0
3509,24510,2.0
3510,24511,2.0
3511,24512,2.0
3512,24513,2.0
3513,24514,2.0
3514,24515,2.0
3515,24516,1.0
3516,24517,1.0
3517,24518,1.0
3518,24519,2.0
3519,24520,2.0
3520,24521,0.0
3521,24522,1.0
3522,24523,0.0
3523,24524,2.0
3524,24525,1.0
3525,24526,2.0
3526,24527,2.0
3527,24528,2.0
3528,24529,2.0
3529,24530,2.0
3530,24531,2.0
3531,24532,2.0
3532,24533,2.0
3533,24534,2.0
3534,24535,1.0
3535,24536,1.0
3536,24537,2.0
3537,24538,2.0
3538,24539,1.0
3539,24540,1.0
3540,24541,2.0
3541,24542,2.0
3542,24543,2.0
3543,24544,2.0
3544,24545,1.0
3545,24546,2.0
3546,24547,2.0
3547,24548,1.0
3548,24549,1.0
3549,24550,2.0
3550,24551,2.0
3551,24552,1.0
3552,24553,1.0
3553,24554,2.0
3554,24555,2.0
3555,24556,1.0
3556,24557,1.0
3557,24558,2.0
3558,24559,0.0
3559,24560,2.0
3560,24561,2.0
3561,24562,2.0
3562,24563,2.0
3563,24564,2.0
3564,24565,2.0
3565,24566,1.0
3566,24567,2.0
3567,24568,2.0
3568,24569,2.0
3569,24570,0.0
3570,24571,2.0
3571,24572,2.0
3572,24573,2.0
3573,24574,2.0
3574,24575,2.0
3575,24576,2.0
3576,24577,2.0
3577,24578,1.0
3578,24579,2.0
3579,24580,2.0
3580,24581,2.0
3581,24582,2.0
3582,24583,2.0
3583,24584,2.0
3584,24585,2.0
3585,24586,2.0
3586,24587,2.0
3587,24588,2.0
3588,24589,2.0
3589,24590,2.0
3590,24591,2.0
3591,24592,2.0
3592,24593,2.0
3593,24594,2.0
3594,24595,2.0
3595,24596,2.0
3596,24597,2.0
3597,24598,2.0
3598,24599,2.0
3599,24600,2.0
3600,24601,2.0
3601,24602,1.0
3602,24603,2.0
3603,24604,2.0
3604,24605,2.0
3605,24606,1.0
3606,24607,2.0
3607,24608,0.0
3608,24609,1.0
3609,24610,2.0
3610,24611,2.0
3611,24612,2.0
3612,24613,2.0
3613,24614,2.0
3614,24615,2.0
3615,24616,2.0
3616,24617,2.0
3617,24618,2.0
3618,24619,1.0
3619,24620,2.0
3620,24621,2.0
3621,24622,0.0
3622,24623,2.0
3623,24624,2.0
3624,24625,2.0
3625,24626,2.0
3626,24627,2.0
3627,24628,1.0
3628,24629,2.0
3629,24630,2.0
3630,24631,0.0
3631,24632,2.0
3632,24633,2.0
3633,24634,2.0
3634,24635,2.0
3635,24636,2.0
3636,24637,1.0
3637,24638,2.0
3638,24639,2.0
3639,24640,1.0
3640,24641,1.0
3641,24642,0.0
3642,24643,2.0
3643,24644,2.0
3644,24645,2.0
3645,24646,1.0
3646,24647,1.0
3647,24648,2.0
3648,24649,1.0
3649,24650,2.0
3650,24651,1.0
3651,24652,1.0
3652,24653,2.0
3653,24654,2.0
3654,24655,2.0
3655,24656,2.0
3656,24657,2.0
3657,24658,1.0
3658,24659,0.0
3659,24660,0.0
3660,24661,2.0
3661,24662,2.0
3662,24663,0.0
3663,24664,2.0
3664,24665,2.0
3665,24666,2.0
3666,24667,1.0
3667,24668,1.0
3668,24669,2.0
3669,24670,2.0
3670,24671,0.0
3671,24672,2.0
3672,24673,2.0
3673,24674,2.0
3674,24675,2.0
3675,24676,2.0
3676,24677,1.0
3677,24678,2.0
3678,24679,2.0
3679,24680,1.0
3680,24681,2.0
3681,24682,2.0
3682,24683,2.0
3683,24684,2.0
3684,24685,2.0
3685,24686,1.0
3686,24687,2.0
3687,24688,2.0
3688,24689,0.0
3689,24690,1.0
3690,24691,1.0
3691,24692,2.0
3692,24693,2.0
3693,24694,2.0
3694,24695,1.0
3695,24696,2.0
3696,24697,2.0
3697,24698,2.0
3698,24699,2.0
3699,24700,2.0
3700,24701,1.0
3701,24702,2.0
3702,24703,2.0
3703,24704,2.0
3704,24705,1.0
3705,24706,0.0
3706,24707,1.0
3707,24708,2.0
3708,24709,2.0
3709,24710,1.0
3710,24711,2.0
3711,24712,2.0
3712,24713,2.0
3713,24714,2.0
3714,24715,1.0
3715,24716,2.0
3716,24717,1.0
3717,24718,2.0
3718,24719,2.0
3719,24720,1.0
3720,24721,2.0
3721,24722,1.0
3722,24723,0.0
3723,24724,0.0
3724,24725,2.0
3725,24726,2.0
3726,24727,1.0
3727,24728,2.0
3728,24729,2.0
3729,24730,2.0
3730,24731,2.0
3731,24732,2.0
3732,24733,2.0
3733,24734,2.0
3734,24735,1.0
3735,24736,2.0
3736,24737,2.0
3737,24738,2.0
3738,24739,2.0
3739,24740,1.0
3740,24741,2.0
3741,24742,1.0
3742,24743,1.0
3743,24744,2.0
3744,24745,0.0
3745,24746,2.0
3746,24747,2.0
3747,24748,2.0
3748,24749,2.0
3749,24750,1.0
3750,24751,2.0
3751,24752,1.0
3752,24753,2.0
3753,24754,1.0
3754,24755,2.0
3755,24756,2.0
3756,24757,2.0
3757,24758,2.0
3758,24759,2.0
3759,24760,2.0
3760,24761,2.0
3761,24762,2.0
3762,24763,2.0
3763,24764,1.0
3764,24765,2.0
3765,24766,2.0
3766,24767,1.0
3767,24768,0.0
3768,24769,2.0
3769,24770,2.0
3770,24771,2.0
3771,24772,0.0
3772,24773,2.0
3773,24774,1.0
3774,24775,2.0
3775,24776,1.0
3776,24777,2.0
3777,24778,2.0
3778,24779,1.0
3779,24780,2.0
3780,24781,2.0
3781,24782,2.0
3782,24783,1.0
3783,24784,0.0
3784,24785,2.0
3785,24786,2.0
3786,24787,1.0
3787,24788,2.0
3788,24789,1.0
3789,24790,1.0
3790,24791,1.0
3791,24792,2.0
3792,24793,2.0
3793,24794,2.0
3794,24795,1.0
3795,24796,2.0
3796,24797,2.0
3797,24798,1.0
3798,24799,1.0
3799,24800,2.0
3800,24801,1.0
3801,24802,1.0
3802,24803,1.0
3803,24804,0.0
3804,24805,2.0
3805,24806,1.0
3806,24807,2.0
3807,24808,2.0
3808,24809,1.0
3809,24810,2.0
3810,24811,0.0
3811,24812,2.0
3812,24813,2.0
3813,24814,2.0
3814,24815,0.0
3815,24816,2.0
3816,24817,1.0
3817,24818,2.0
3818,24819,2.0
3819,24820,2.0
3820,24821,2.0
3821,24822,2.0
3822,24823,1.0
3823,24824,2.0
3824,24825,2.0
3825,24826,2.0
3826,24827,2.0
3827,24828,2.0
3828,24829,2.0
3829,24830,2.0
3830,24831,2.0
3831,24832,2.0
3832,24833,1.0
3833,24834,2.0
3834,24835,2.0
3835,24836,2.0
3836,24837,2.0
3837,24838,1.0
3838,24839,2.0
3839,24840,2.0
3840,24841,0.0
3841,24842,2.0
3842,24843,2.0
3843,24844,1.0
3844,24845,0.0
3845,24846,0.0
3846,24847,2.0
3847,24848,2.0
3848,24849,2.0
3849,24850,2.0
3850,24851,2.0
3851,24852,2.0
3852,24853,0.0
3853,24854,2.0
3854,24855,2.0
3855,24856,2.0
3856,24857,2.0
3857,24858,2.0
3858,24859,1.0
3859,24860,2.0
3860,24861,0.0
3861,24862,2.0
3862,24863,2.0
3863,24864,2.0
3864,24865,2.0
3865,24866,2.0
3866,24867,0.0
3867,24868,2.0
3868,24869,2.0
3869,24870,2.0
3870,24871,2.0
3871,24872,2.0
3872,24873,2.0
3873,24874,2.0
3874,24875,2.0
3875,24876,2.0
3876,24877,2.0
3877,24878,0.0
3878,24879,2.0
3879,24880,2.0
3880,24881,2.0
3881,24882,1.0
3882,24883,1.0
3883,24884,1.0
3884,24885,2.0
3885,24886,0.0
3886,24887,2.0
3887,24888,2.0
3888,24889,2.0
3889,24890,2.0
3890,24891,2.0
3891,24892,1.0
3892,24893,2.0
3893,24894,2.0
3894,24895,2.0
3895,24896,2.0
3896,24897,2.0
3897,24898,1.0
3898,24899,0.0
3899,24900,2.0
3900,24901,2.0
3901,24902,2.0
3902,24903,1.0
3903,24904,2.0
3904,24905,2.0
3905,24906,1.0
3906,24907,2.0
3907,24908,2.0
3908,24909,2.0
3909,24910,1.0
3910,24911,0.0
3911,24912,2.0
3912,24913,2.0
3913,24914,0.0
3914,24915,2.0
3915,24916,1.0
3916,24917,1.0
3917,24918,1.0
3918,24919,2.0
3919,24920,2.0
3920,24921,2.0
3921,24922,2.0
3922,24923,2.0
3923,24924,1.0
3924,24925,2.0
3925,24926,2.0
3926,24927,2.0
3927,24928,2.0
3928,24929,1.0
3929,24930,1.0
3930,24931,2.0
3931,24932,2.0
3932,24933,2.0
3933,24934,1.0
3934,24935,2.0
3935,24936,1.0
3936,24937,2.0
3937,24938,2.0
3938,24939,2.0
3939,24940,2.0
3940,24941,0.0
3941,24942,2.0
3942,24943,2.0
3943,24944,2.0
3944,24945,0.0
3945,24946,2.0
3946,24947,1.0
3947,24948,2.0
3948,24949,0.0
3949,24950,1.0
3950,24951,2.0
3951,24952,0.0
3952,24953,0.0
3953,24954,2.0
3954,24955,2.0
3955,24956,2.0
3956,24957,2.0
3957,24958,2.0
3958,24959,1.0
3959,24960,2.0
3960,24961,2.0
3961,24962,2.0
3962,24963,2.0
3963,24964,1.0
3964,24965,2.0
3965,24966,2.0
3966,24967,2.0
3967,24968,2.0
3968,24969,1.0
3969,24970,1.0
3970,24971,1.0
3971,24972,0.0
3972,24973,1.0
3973,24974,2.0
3974,24975,2.0
3975,24976,1.0
3976,24977,2.0
3977,24978,2.0
3978,24979,2.0
3979,24980,2.0
3980,24981,1.0
3981,24982,2.0
3982,24983,2.0
3983,24984,2.0
3984,24985,2.0
3985,24986,1.0
3986,24987,2.0
3987,24988,2.0
3988,24989,2.0
3989,24990,2.0
3990,24991,0.0
3991,24992,2.0
3992,24993,2.0
3993,24994,2.0
3994,24995,2.0
3995,24996,2.0
3996,24997,2.0
3997,24998,2.0
3998,24999,2.0
3999,25000,1.0
4000,25001,1.0
4001,25002,0.0
4002,25003,1.0
4003,25004,2.0
4004,25005,0.0
4005,25006,2.0
4006,25007,0.0
4007,25008,1.0
4008,25009,1.0
4009,25010,2.0
4010,25011,2.0
4011,25012,1.0
4012,25013,1.0
4013,25014,2.0
4014,25015,2.0
4015,25016,2.0
4016,25017,1.0
4017,25018,2.0
4018,25019,2.0
4019,25020,2.0
4020,25021,1.0
4021,25022,2.0
4022,25023,1.0
4023,25024,1.0
4024,25025,2.0
4025,25026,2.0
4026,25027,2.0
4027,25028,2.0
4028,25029,2.0
4029,25030,2.0
4030,25031,2.0
4031,25032,1.0
4032,25033,1.0
4033,25034,2.0
4034,25035,2.0
4035,25036,2.0
4036,25037,2.0
4037,25038,2.0
4038,25039,2.0
4039,25040,2.0
4040,25041,2.0
4041,25042,2.0
4042,25043,0.0
4043,25044,2.0
4044,25045,2.0
4045,25046,1.0
4046,25047,1.0
4047,25048,2.0
4048,25049,2.0
4049,25050,0.0
4050,25051,2.0
4051,25052,1.0
4052,25053,2.0
4053,25054,2.0
4054,25055,2.0
4055,25056,2.0
4056,25057,1.0
4057,25058,2.0
4058,25059,2.0
4059,25060,0.0
4060,25061,2.0
4061,25062,2.0
4062,25063,1.0
4063,25064,1.0
4064,25065,2.0
4065,25066,2.0
4066,25067,1.0
4067,25068,2.0
4068,25069,2.0
4069,25070,2.0
4070,25071,1.0
4071,25072,2.0
4072,25073,1.0
4073,25074,2.0
4074,25075,2.0
4075,25076,1.0
4076,25077,2.0
4077,25078,2.0
4078,25079,1.0
4079,25080,2.0
4080,25081,1.0
4081,25082,1.0
4082,25083,2.0
4083,25084,2.0
4084,25085,2.0
4085,25086,2.0
4086,25087,1.0
4087,25088,2.0
4088,25089,1.0
4089,25090,0.0
4090,25091,2.0
4091,25092,2.0
4092,25093,1.0
4093,25094,2.0
4094,25095,1.0
4095,25096,2.0
4096,25097,2.0
4097,25098,2.0
4098,25099,1.0
4099,25100,2.0
4100,25101,2.0
4101,25102,2.0
4102,25103,2.0
4103,25104,1.0
4104,25105,2.0
4105,25106,1.0
4106,25107,2.0
4107,25108,2.0
4108,25109,2.0
4109,25110,0.0
4110,25111,1.0
4111,25112,2.0
4112,25113,2.0
4113,25114,2.0
4114,25115,2.0
4115,25116,2.0
4116,25117,2.0
4117,25118,1.0
4118,25119,2.0
4119,25120,1.0
4120,25121,2.0
4121,25122,2.0
4122,25123,1.0
4123,25124,2.0
4124,25125,2.0
4125,25126,2.0
4126,25127,1.0
4127,25128,2.0
4128,25129,2.0
4129,25130,2.0
4130,25131,1.0
4131,25132,2.0
4132,25133,2.0
4133,25134,2.0
4134,25135,1.0
4135,25136,1.0
4136,25137,2.0
4137,25138,2.0
4138,25139,0.0
4139,25140,1.0
4140,25141,2.0
4141,25142,1.0
4142,25143,2.0
4143,25144,2.0
4144,25145,2.0
4145,25146,2.0
4146,25147,0.0
4147,25148,2.0
4148,25149,2.0
4149,25150,2.0
4150,25151,2.0
4151,25152,2.0
4152,25153,2.0
4153,25154,2.0
4154,25155,2.0
4155,25156,2.0
4156,25157,0.0
4157,25158,2.0
4158,25159,1.0
4159,25160,2.0
4160,25161,1.0
4161,25162,2.0
4162,25163,2.0
4163,25164,1.0
4164,25165,1.0
4165,25166,2.0
4166,25167,2.0
4167,25168,2.0
4168,25169,2.0
4169,25170,2.0
4170,25171,1.0
4171,25172,2.0
4172,25173,2.0
4173,25174,2.0
4174,25175,2.0
4175,25176,2.0
4176,25177,2.0
4177,25178,2.0
4178,25179,2.0
4179,25180,1.0
4180,25181,2.0
4181,25182,2.0
4182,25183,2.0
4183,25184,2.0
4184,25185,2.0
4185,25186,2.0
4186,25187,2.0
4187,25188,1.0
4188,25189,2.0
4189,25190,2.0
4190,25191,2.0
4191,25192,1.0
4192,25193,1.0
4193,25194,2.0
4194,25195,2.0
4195,25196,2.0
4196,25197,2.0
4197,25198,2.0
4198,25199,2.0
4199,25200,1.0
4200,25201,1.0
4201,25202,2.0
4202,25203,2.0
4203,25204,2.0
4204,25205,2.0
4205,25206,1.0
4206,25207,2.0
4207,25208,0.0
4208,25209,2.0
4209,25210,2.0
4210,25211,1.0
4211,25212,2.0
4212,25213,2.0
4213,25214,2.0
4214,25215,2.0
4215,25216,2.0
4216,25217,1.0
4217,25218,2.0
4218,25219,2.0
4219,25220,1.0
4220,25221,2.0
4221,25222,1.0
4222,25223,2.0
4223,25224,1.0
4224,25225,2.0
4225,25226,1.0
4226,25227,2.0
4227,25228,2.0
4228,25229,2.0
4229,25230,2.0
4230,25231,0.0
4231,25232,2.0
4232,25233,2.0
4233,25234,2.0
4234,25235,2.0
4235,25236,0.0
4236,25237,2.0
4237,25238,2.0
4238,25239,2.0
4239,25240,0.0
4240,25241,1.0
4241,25242,1.0
4242,25243,0.0
4243,25244,2.0
4244,25245,2.0
4245,25246,1.0
4246,25247,2.0
4247,25248,2.0
4248,25249,1.0
4249,25250,2.0
4250,25251,2.0
4251,25252,1.0
4252,25253,2.0
4253,25254,0.0
4254,25255,2.0
4255,25256,2.0
4256,25257,2.0
4257,25258,1.0
4258,25259,1.0
4259,25260,2.0
4260,25261,2.0
4261,25262,1.0
4262,25263,2.0
4263,25264,2.0
4264,25265,1.0
4265,25266,2.0
4266,25267,1.0
4267,25268,2.0
4268,25269,2.0
4269,25270,2.0
4270,25271,1.0
4271,25272,1.0
4272,25273,2.0
4273,25274,2.0
4274,25275,1.0
4275,25276,2.0
4276,25277,1.0
4277,25278,2.0
4278,25279,1.0
4279,25280,2.0
4280,25281,2.0
4281,25282,2.0
4282,25283,1.0
4283,25284,2.0
4284,25285,2.0
4285,25286,2.0
4286,25287,2.0
4287,25288,1.0
4288,25289,0.0
4289,25290,2.0
4290,25291,2.0
4291,25292,2.0
4292,25293,0.0
4293,25294,2.0
4294,25295,0.0
4295,25296,2.0
4296,25297,0.0
4297,25298,2.0
4298,25299,2.0
4299,25300,2.0
4300,25301,2.0
4301,25302,2.0
4302,25303,1.0
4303,25304,1.0
4304,25305,0.0
4305,25306,2.0
4306,25307,2.0
4307,25308,2.0
4308,25309,2.0
4309,25310,1.0
4310,25311,1.0
4311,25312,2.0
4312,25313,2.0
4313,25314,2.0
4314,25315,2.0
4315,25316,1.0
4316,25317,2.0
4317,25318,2.0
4318,25319,2.0
4319,25320,1.0
4320,25321,1.0
4321,25322,2.0
4322,25323,1.0
4323,25324,2.0
4324,25325,1.0
4325,25326,1.0
4326,25327,2.0
4327,25328,2.0
4328,25329,1.0
4329,25330,2.0
4330,25331,2.0
4331,25332,2.0
4332,25333,2.0
4333,25334,2.0
4334,25335,2.0
4335,25336,2.0
4336,25337,1.0
4337,25338,1.0
4338,25339,2.0
4339,25340,1.0
4340,25341,2.0
4341,25342,1.0
4342,25343,2.0
4343,25344,1.0
4344,25345,2.0
4345,25346,1.0
4346,25347,2.0
4347,25348,2.0
4348,25349,1.0
4349,25350,2.0
4350,25351,1.0
4351,25352,2.0
4352,25353,2.0
4353,25354,2.0
4354,25355,2.0
4355,25356,2.0
4356,25357,2.0
4357,25358,0.0
4358,25359,2.0
4359,25360,1.0
4360,25361,0.0
4361,25362,1.0
4362,25363,2.0
4363,25364,1.0
4364,25365,2.0
4365,25366,2.0
4366,25367,2.0
4367,25368,2.0
4368,25369,2.0
4369,25370,2.0
4370,25371,0.0
4371,25372,2.0
4372,25373,2.0
4373,25374,2.0
4374,25375,2.0
4375,25376,2.0
4376,25377,2.0
4377,25378,0.0
4378,25379,1.0
4379,25380,1.0
4380,25381,2.0
4381,25382,1.0
4382,25383,1.0
4383,25384,2.0
4384,25385,1.0
4385,25386,2.0
4386,25387,0.0
4387,25388,2.0
4388,25389,2.0
4389,25390,2.0
4390,25391,0.0
4391,25392,2.0
4392,25393,2.0
4393,25394,0.0
4394,25395,1.0
4395,25396,1.0
4396,25397,2.0
4397,25398,1.0
4398,25399,1.0
4399,25400,2.0
4400,25401,1.0
4401,25402,2.0
4402,25403,2.0
4403,25404,2.0
4404,25405,2.0
4405,25406,1.0
4406,25407,2.0
4407,25408,2.0
4408,25409,1.0
4409,25410,1.0
4410,25411,1.0
4411,25412,2.0
4412,25413,2.0
4413,25414,2.0
4414,25415,1.0
4415,25416,2.0
4416,25417,1.0
4417,25418,2.0
4418,25419,2.0
4419,25420,2.0
4420,25421,1.0
4421,25422,2.0
4422,25423,2.0
4423,25424,2.0
4424,25425,2.0
4425,25426,2.0
4426,25427,1.0
4427,25428,2.0
4428,25429,2.0
4429,25430,1.0
4430,25431,0.0
4431,25432,2.0
4432,25433,0.0
4433,25434,2.0
4434,25435,2.0
4435,25436,0.0
4436,25437,1.0
4437,25438,1.0
4438,25439,2.0
4439,25440,2.0
4440,25441,2.0
4441,25442,1.0
4442,25443,1.0
4443,25444,2.0
4444,25445,2.0
4445,25446,2.0
4446,25447,2.0
4447,25448,2.0
4448,25449,1.0
4449,25450,2.0
4450,25451,2.0
4451,25452,1.0
4452,25453,2.0
4453,25454,2.0
4454,25455,2.0
4455,25456,2.0
4456,25457,1.0
4457,25458,1.0
4458,25459,2.0
4459,25460,1.0
4460,25461,0.0
4461,25462,2.0
4462,25463,2.0
4463,25464,0.0
4464,25465,1.0
4465,25466,2.0
4466,25467,2.0
4467,25468,2.0
4468,25469,2.0
4469,25470,2.0
4470,25471,2.0
4471,25472,2.0
4472,25473,2.0
4473,25474,2.0
4474,25475,2.0
4475,25476,2.0
4476,25477,2.0
4477,25478,2.0
4478,25479,1.0
4479,25480,0.0
4480,25481,2.0
4481,25482,1.0
4482,25483,2.0
4483,25484,1.0
4484,25485,2.0
4485,25486,2.0
4486,25487,2.0
4487,25488,2.0
4488,25489,2.0
4489,25490,2.0
4490,25491,1.0
4491,25492,1.0
4492,25493,2.0
4493,25494,1.0
4494,25495,2.0
4495,25496,1.0
4496,25497,2.0
4497,25498,1.0
4498,25499,1.0
4499,25500,0.0
4500,25501,2.0
4501,25502,1.0
4502,25503,2.0
4503,25504,2.0
4504,25505,1.0
4505,25506,2.0
4506,25507,2.0
4507,25508,2.0
4508,25509,2.0
4509,25510,2.0
4510,25511,2.0
4511,25512,2.0
4512,25513,1.0
4513,25514,2.0
4514,25515,2.0
4515,25516,2.0
4516,25517,2.0
4517,25518,0.0
4518,25519,0.0
4519,25520,2.0
4520,25521,2.0
4521,25522,0.0
4522,25523,2.0
4523,25524,1.0
4524,25525,2.0
4525,25526,2.0
4526,25527,2.0
4527,25528,1.0
4528,25529,2.0
4529,25530,2.0
4530,25531,1.0
4531,25532,2.0
4532,25533,2.0
4533,25534,1.0
4534,25535,0.0
4535,25536,2.0
4536,25537,1.0
4537,25538,1.0
4538,25539,2.0
4539,25540,2.0
4540,25541,0.0
4541,25542,2.0
4542,25543,1.0
4543,25544,2.0
4544,25545,2.0
4545,25546,2.0
4546,25547,2.0
4547,25548,2.0
4548,25549,2.0
4549,25550,2.0
4550,25551,2.0
4551,25552,2.0
4552,25553,2.0
4553,25554,2.0
4554,25555,1.0
4555,25556,2.0
4556,25557,1.0
4557,25558,2.0
4558,25559,1.0
4559,25560,2.0
4560,25561,2.0
4561,25562,2.0
4562,25563,0.0
4563,25564,2.0
4564,25565,2.0
4565,25566,2.0
4566,25567,1.0
4567,25568,2.0
4568,25569,2.0
4569,25570,2.0
4570,25571,2.0
4571,25572,2.0
4572,25573,2.0
4573,25574,0.0
4574,25575,0.0
4575,25576,2.0
4576,25577,1.0
4577,25578,2.0
4578,25579,2.0
4579,25580,2.0
4580,25581,2.0
4581,25582,2.0
4582,25583,2.0
4583,25584,2.0
4584,25585,2.0
4585,25586,1.0
4586,25587,2.0
4587,25588,2.0
4588,25589,1.0
4589,25590,2.0
4590,25591,2.0
4591,25592,2.0
4592,25593,0.0
4593,25594,1.0
4594,25595,2.0
4595,25596,2.0
4596,25597,1.0
4597,25598,2.0
4598,25599,1.0
4599,25600,1.0
4600,25601,0.0
4601,25602,2.0
4602,25603,2.0
4603,25604,2.0
4604,25605,2.0
4605,25606,2.0
4606,25607,1.0
4607,25608,2.0
4608,25609,2.0
4609,25610,2.0
4610,25611,2.0
4611,25612,2.0
4612,25613,2.0
4613,25614,2.0
4614,25615,2.0
4615,25616,1.0
4616,25617,2.0
4617,25618,2.0
4618,25619,1.0
4619,25620,2.0
4620,25621,1.0
4621,25622,2.0
4622,25623,2.0
4623,25624,0.0
4624,25625,1.0
4625,25626,2.0
4626,25627,2.0
4627,25628,1.0
4628,25629,1.0
4629,25630,2.0
4630,25631,2.0
4631,25632,2.0
4632,25633,2.0
4633,25634,1.0
4634,25635,0.0
4635,25636,2.0
4636,25637,2.0
4637,25638,2.0
4638,25639,1.0
4639,25640,1.0
4640,25641,2.0
4641,25642,2.0
4642,25643,1.0
4643,25644,2.0
4644,25645,2.0
4645,25646,1.0
4646,25647,0.0
4647,25648,2.0
4648,25649,2.0
4649,25650,1.0
4650,25651,2.0
4651,25652,2.0
4652,25653,1.0
4653,25654,2.0
4654,25655,2.0
4655,25656,1.0
4656,25657,2.0
4657,25658,2.0
4658,25659,2.0
4659,25660,2.0
4660,25661,2.0
4661,25662,2.0
4662,25663,2.0
4663,25664,2.0
4664,25665,1.0
4665,25666,2.0
4666,25667,2.0
4667,25668,1.0
4668,25669,2.0
4669,25670,0.0
4670,25671,2.0
4671,25672,0.0
4672,25673,1.0
4673,25674,2.0
4674,25675,2.0
4675,25676,2.0
4676,25677,1.0
4677,25678,2.0
4678,25679,0.0
4679,25680,2.0
4680,25681,1.0
4681,25682,1.0
4682,25683,1.0
4683,25684,2.0
4684,25685,2.0
4685,25686,1.0
4686,25687,2.0
4687,25688,2.0
4688,25689,1.0
4689,25690,2.0
4690,25691,2.0
4691,25692,2.0
4692,25693,1.0
4693,25694,1.0
4694,25695,2.0
4695,25696,2.0
4696,25697,2.0
4697,25698,2.0
4698,25699,2.0
4699,25700,1.0
4700,25701,1.0
4701,25702,2.0
4702,25703,2.0
4703,25704,2.0
4704,25705,2.0
4705,25706,2.0
4706,25707,2.0
4707,25708,2.0
4708,25709,1.0
4709,25710,2.0
4710,25711,1.0
4711,25712,1.0
4712,25713,1.0
4713,25714,2.0
4714,25715,2.0
4715,25716,2.0
4716,25717,2.0
4717,25718,2.0
4718,25719,2.0
4719,25720,2.0
4720,25721,1.0
4721,25722,2.0
4722,25723,2.0
4723,25724,1.0
4724,25725,1.0
4725,25726,2.0
4726,25727,1.0
4727,25728,2.0
4728,25729,2.0
4729,25730,2.0
4730,25731,2.0
4731,25732,2.0
4732,25733,2.0
4733,25734,0.0
4734,25735,2.0
4735,25736,2.0
4736,25737,2.0
4737,25738,2.0
4738,25739,2.0
4739,25740,2.0
4740,25741,2.0
4741,25742,2.0
4742,25743,2.0
4743,25744,1.0
4744,25745,1.0
4745,25746,2.0
4746,25747,2.0
4747,25748,2.0
4748,25749,0.0
4749,25750,2.0
4750,25751,2.0
4751,25752,2.0
4752,25753,2.0
4753,25754,2.0
4754,25755,1.0
4755,25756,2.0
4756,25757,2.0
4757,25758,2.0
4758,25759,1.0
4759,25760,2.0
4760,25761,2.0
4761,25762,2.0
4762,25763,0.0
4763,25764,2.0
4764,25765,2.0
4765,25766,2.0
4766,25767,2.0
4767,25768,2.0
4768,25769,2.0
4769,25770,1.0
4770,25771,2.0
4771,25772,2.0
4772,25773,2.0
4773,25774,2.0
4774,25775,2.0
4775,25776,2.0
4776,25777,2.0
4777,25778,2.0
4778,25779,2.0
4779,25780,2.0
4780,25781,2.0
4781,25782,2.0
4782,25783,1.0
4783,25784,1.0
4784,25785,2.0
4785,25786,0.0
4786,25787,2.0
4787,25788,2.0
4788,25789,2.0
4789,25790,2.0
4790,25791,2.0
4791,25792,1.0
4792,25793,2.0
4793,25794,1.0
4794,25795,1.0
4795,25796,0.0
4796,25797,0.0
4797,25798,2.0
4798,25799,2.0
4799,25800,1.0
4800,25801,2.0
4801,25802,1.0
4802,25803,1.0
4803,25804,1.0
4804,25805,0.0
4805,25806,2.0
4806,25807,2.0
4807,25808,1.0
4808,25809,1.0
4809,25810,2.0
4810,25811,2.0
4811,25812,1.0
4812,25813,2.0
4813,25814,2.0
4814,25815,2.0
4815,25816,2.0
4816,25817,2.0
4817,25818,2.0
4818,25819,1.0
4819,25820,2.0
4820,25821,2.0
4821,25822,2.0
4822,25823,2.0
4823,25824,2.0
4824,25825,2.0
4825,25826,2.0
4826,25827,2.0
4827,25828,1.0
4828,25829,2.0
4829,25830,2.0
4830,25831,2.0
4831,25832,2.0
4832,25833,1.0
4833,25834,1.0
4834,25835,2.0
4835,25836,2.0
4836,25837,0.0
4837,25838,2.0
4838,25839,0.0
4839,25840,2.0
4840,25841,2.0
4841,25842,2.0
4842,25843,1.0
4843,25844,2.0
4844,25845,2.0
4845,25846,2.0
4846,25847,2.0
4847,25848,2.0
4848,25849,2.0
4849,25850,2.0
4850,25851,2.0
4851,25852,2.0
4852,25853,2.0
4853,25854,2.0
4854,25855,2.0
4855,25856,1.0
4856,25857,2.0
4857,25858,2.0
4858,25859,1.0
4859,25860,2.0
4860,25861,2.0
4861,25862,2.0
4862,25863,2.0
4863,25864,2.0
4864,25865,1.0
4865,25866,0.0
4866,25867,0.0
4867,25868,2.0
4868,25869,1.0
4869,25870,0.0
4870,25871,1.0
4871,25872,2.0
4872,25873,2.0
4873,25874,2.0
4874,25875,1.0
4875,25876,1.0
4876,25877,0.0
4877,25878,2.0
4878,25879,2.0
4879,25880,2.0
4880,25881,1.0
4881,25882,2.0
4882,25883,2.0
4883,25884,1.0
4884,25885,2.0
4885,25886,2.0
4886,25887,1.0
4887,25888,1.0
4888,25889,2.0
4889,25890,1.0
4890,25891,2.0
4891,25892,2.0
4892,25893,2.0
4893,25894,0.0
4894,25895,2.0
4895,25896,2.0
4896,25897,2.0
4897,25898,1.0
4898,25899,2.0
4899,25900,1.0
4900,25901,1.0
4901,25902,1.0
4902,25903,1.0
4903,25904,2.0
4904,25905,2.0
4905,25906,1.0
4906,25907,1.0
4907,25908,2.0
4908,25909,1.0
4909,25910,1.0
4910,25911,1.0
4911,25912,1.0
4912,25913,2.0
4913,25914,1.0
4914,25915,0.0
4915,25916,1.0
4916,25917,2.0
4917,25918,2.0
4918,25919,2.0
4919,25920,1.0
4920,25921,2.0
4921,25922,2.0
4922,25923,2.0
4923,25924,2.0
4924,25925,0.0
4925,25926,2.0
4926,25927,2.0
4927,25928,0.0
4928,25929,2.0
4929,25930,1.0
4930,25931,2.0
4931,25932,2.0
4932,25933,0.0
4933,25934,0.0
4934,25935,2.0
4935,25936,2.0
4936,25937,2.0
4937,25938,2.0
4938,25939,2.0
4939,25940,2.0
4940,25941,2.0
4941,25942,2.0
4942,25943,1.0
4943,25944,1.0
4944,25945,1.0
4945,25946,2.0
4946,25947,1.0
4947,25948,2.0
4948,25949,2.0
4949,25950,2.0
4950,25951,1.0
4951,25952,2.0
4952,25953,2.0
4953,25954,2.0
4954,25955,2.0
4955,25956,1.0
4956,25957,2.0
4957,25958,2.0
4958,25959,2.0
4959,25960,2.0
4960,25961,2.0
4961,25962,2.0
4962,25963,2.0
4963,25964,1.0
4964,25965,2.0
4965,25966,2.0
4966,25967,2.0
4967,25968,1.0
4968,25969,2.0
4969,25970,2.0
4970,25971,2.0
4971,25972,1.0
4972,25973,2.0
4973,25974,1.0
4974,25975,2.0
4975,25976,2.0
4976,25977,2.0
4977,25978,2.0
4978,25979,0.0
4979,25980,2.0
4980,25981,2.0
4981,25982,2.0
4982,25983,2.0
4983,25984,1.0
4984,25985,2.0
4985,25986,2.0
4986,25987,2.0
4987,25988,2.0
4988,25989,2.0
4989,25990,2.0
4990,25991,1.0
4991,25992,2.0
4992,25993,2.0
4993,25994,1.0
4994,25995,2.0
4995,25996,2.0
4996,25997,2.0
4997,25998,1.0
4998,25999,2.0
4999,26000,2.0
5000,26001,2.0
5001,26002,2.0
5002,26003,2.0
5003,26004,2.0
5004,26005,2.0
5005,26006,2.0
5006,26007,2.0
5007,26008,2.0
5008,26009,2.0
5009,26010,2.0
5010,26011,2.0
5011,26012,0.0
5012,26013,2.0
5013,26014,0.0
5014,26015,2.0
5015,26016,2.0
5016,26017,2.0
5017,26018,1.0
5018,26019,1.0
5019,26020,0.0
5020,26021,2.0
5021,26022,2.0
5022,26023,2.0
5023,26024,2.0
5024,26025,0.0
5025,26026,0.0
5026,26027,2.0
5027,26028,0.0
5028,26029,2.0
5029,26030,2.0
5030,26031,2.0
5031,26032,2.0
5032,26033,2.0
5033,26034,0.0
5034,26035,2.0
5035,26036,2.0
5036,26037,1.0
5037,26038,2.0
5038,26039,2.0
5039,26040,2.0
5040,26041,2.0
5041,26042,2.0
5042,26043,0.0
5043,26044,2.0
5044,26045,1.0
5045,26046,2.0
5046,26047,1.0
5047,26048,2.0
5048,26049,0.0
5049,26050,2.0
5050,26051,2.0
5051,26052,0.0
5052,26053,0.0
5053,26054,2.0
5054,26055,2.0
5055,26056,2.0
5056,26057,1.0
5057,26058,0.0
5058,26059,0.0
5059,26060,2.0
5060,26061,2.0
5061,26062,2.0
5062,26063,2.0
5063,26064,2.0
5064,26065,2.0
5065,26066,2.0
5066,26067,0.0
5067,26068,1.0
5068,26069,2.0
5069,26070,1.0
5070,26071,0.0
5071,26072,2.0
5072,26073,2.0
5073,26074,1.0
5074,26075,2.0
5075,26076,0.0
5076,26077,2.0
5077,26078,0.0
5078,26079,2.0
5079,26080,2.0
5080,26081,2.0
5081,26082,2.0
5082,26083,2.0
5083,26084,2.0
5084,26085,2.0
5085,26086,1.0
5086,26087,2.0
5087,26088,2.0
5088,26089,1.0
5089,26090,2.0
5090,26091,1.0
5091,26092,2.0
5092,26093,2.0
5093,26094,2.0
5094,26095,2.0
5095,26096,1.0
5096,26097,1.0
5097,26098,2.0
5098,26099,2.0
5099,26100,2.0
5100,26101,1.0
5101,26102,2.0
5102,26103,1.0
5103,26104,2.0
5104,26105,1.0
5105,26106,1.0
5106,26107,2.0
5107,26108,2.0
5108,26109,2.0
5109,26110,2.0
5110,26111,2.0
5111,26112,1.0
5112,26113,2.0
5113,26114,2.0
5114,26115,2.0
5115,26116,2.0
5116,26117,2.0
5117,26118,2.0
5118,26119,2.0
5119,26120,2.0
5120,26121,1.0
5121,26122,2.0
5122,26123,1.0
5123,26124,2.0
5124,26125,1.0
5125,26126,2.0
5126,26127,1.0
5127,26128,2.0
5128,26129,2.0
5129,26130,0.0
5130,26131,2.0
5131,26132,1.0
5132,26133,0.0
5133,26134,2.0
5134,26135,1.0
5135,26136,2.0
5136,26137,2.0
5137,26138,2.0
5138,26139,1.0
5139,26140,1.0
5140,26141,2.0
5141,26142,2.0
5142,26143,1.0
5143,26144,1.0
5144,26145,1.0
5145,26146,2.0
5146,26147,2.0
5147,26148,2.0
5148,26149,1.0
5149,26150,2.0
5150,26151,2.0
5151,26152,2.0
5152,26153,2.0
5153,26154,0.0
5154,26155,2.0
5155,26156,2.0
5156,26157,2.0
5157,26158,2.0
5158,26159,1.0
5159,26160,0.0
5160,26161,2.0
5161,26162,2.0
5162,26163,0.0
5163,26164,2.0
5164,26165,1.0
5165,26166,1.0
5166,26167,1.0
5167,26168,1.0
5168,26169,2.0
5169,26170,2.0
5170,26171,0.0
5171,26172,1.0
5172,26173,2.0
5173,26174,2.0
5174,26175,1.0
5175,26176,2.0
5176,26177,1.0
5177,26178,1.0
5178,26179,2.0
5179,26180,0.0
5180,26181,2.0
5181,26182,2.0
5182,26183,2.0
5183,26184,0.0
5184,26185,2.0
5185,26186,2.0
5186,26187,1.0
5187,26188,1.0
5188,26189,2.0
5189,26190,2.0
5190,26191,2.0
5191,26192,2.0
5192,26193,2.0
5193,26194,1.0
5194,26195,2.0
5195,26196,2.0
5196,26197,2.0
5197,26198,1.0
5198,26199,2.0
5199,26200,2.0
5200,26201,2.0
5201,26202,2.0
5202,26203,2.0
5203,26204,0.0
5204,26205,2.0
5205,26206,0.0
5206,26207,2.0
5207,26208,2.0
5208,26209,2.0
5209,26210,2.0
5210,26211,2.0
5211,26212,2.0
5212,26213,0.0
5213,26214,2.0
5214,26215,2.0
5215,26216,2.0
5216,26217,0.0
5217,26218,2.0
5218,26219,2.0
5219,26220,2.0
5220,26221,2.0
5221,26222,2.0
5222,26223,2.0
5223,26224,2.0
5224,26225,2.0
5225,26226,2.0
5226,26227,2.0
5227,26228,1.0
5228,26229,2.0
5229,26230,2.0
5230,26231,2.0
5231,26232,2.0
5232,26233,1.0
5233,26234,1.0
5234,26235,2.0
5235,26236,1.0
5236,26237,2.0
5237,26238,1.0
5238,26239,1.0
5239,26240,2.0
5240,26241,2.0
5241,26242,2.0
5242,26243,2.0
5243,26244,2.0
5244,26245,2.0
5245,26246,2.0
5246,26247,2.0
5247,26248,2.0
5248,26249,2.0
5249,26250,1.0
5250,26251,2.0
5251,26252,2.0
5252,26253,1.0
5253,26254,2.0
5254,26255,2.0
5255,26256,2.0
5256,26257,2.0
5257,26258,2.0
5258,26259,2.0
5259,26260,2.0
5260,26261,2.0
5261,26262,0.0
5262,26263,2.0
5263,26264,2.0
5264,26265,2.0
5265,26266,1.0
5266,26267,2.0
5267,26268,1.0
5268,26269,2.0
5269,26270,2.0
5270,26271,2.0
5271,26272,2.0
5272,26273,2.0
5273,26274,2.0
5274,26275,0.0
5275,26276,2.0
5276,26277,2.0
5277,26278,2.0
5278,26279,2.0
5279,26280,2.0
5280,26281,2.0
5281,26282,2.0
5282,26283,2.0
5283,26284,1.0
5284,26285,2.0
5285,26286,1.0
5286,26287,2.0
5287,26288,2.0
5288,26289,2.0
5289,26290,1.0
5290,26291,2.0
5291,26292,2.0
5292,26293,2.0
5293,26294,2.0
5294,26295,2.0
5295,26296,2.0
5296,26297,1.0
5297,26298,1.0
5298,26299,1.0
5299,26300,1.0
5300,26301,2.0
5301,26302,2.0
5302,26303,2.0
5303,26304,2.0
5304,26305,2.0
5305,26306,2.0
5306,26307,2.0
5307,26308,1.0
5308,26309,1.0
5309,26310,2.0
5310,26311,2.0
5311,26312,2.0
5312,26313,1.0
5313,26314,0.0
5314,26315,1.0
5315,26316,2.0
5316,26317,1.0
5317,26318,2.0
5318,26319,1.0
5319,26320,2.0
5320,26321,2.0
5321,26322,2.0
5322,26323,2.0
5323,26324,2.0
5324,26325,2.0
5325,26326,1.0
5326,26327,0.0
5327,26328,2.0
5328,26329,1.0
5329,26330,2.0
5330,26331,2.0
5331,26332,2.0
5332,26333,2.0
5333,26334,0.0
5334,26335,2.0
5335,26336,2.0
5336,26337,2.0
5337,26338,2.0
5338,26339,2.0
5339,26340,2.0
5340,26341,2.0
5341,26342,2.0
5342,26343,2.0
5343,26344,2.0
5344,26345,2.0
5345,26346,2.0
5346,26347,2.0
5347,26348,2.0
5348,26349,2.0
5349,26350,2.0
5350,26351,2.0
5351,26352,2.0
5352,26353,2.0
5353,26354,2.0
5354,26355,2.0
5355,26356,2.0
5356,26357,2.0
5357,26358,0.0
5358,26359,2.0
5359,26360,1.0
5360,26361,1.0
5361,26362,2.0
5362,26363,2.0
5363,26364,2.0
5364,26365,2.0
5365,26366,2.0
5366,26367,2.0
5367,26368,2.0
5368,26369,1.0
5369,26370,2.0
5370,26371,1.0
5371,26372,2.0
5372,26373,0.0
5373,26374,2.0
5374,26375,2.0
5375,26376,2.0
5376,26377,2.0
5377,26378,2.0
5378,26379,2.0
5379,26380,2.0
5380,26381,2.0
5381,26382,1.0
5382,26383,0.0
5383,26384,0.0
5384,26385,1.0
5385,26386,2.0
5386,26387,2.0
5387,26388,1.0
5388,26389,2.0
5389,26390,2.0
5390,26391,2.0
5391,26392,2.0
5392,26393,2.0
5393,26394,1.0
5394,26395,2.0
5395,26396,2.0
5396,26397,2.0
5397,26398,2.0
5398,26399,1.0
5399,26400,2.0
5400,26401,1.0
5401,26402,1.0
5402,26403,0.0
5403,26404,2.0
5404,26405,2.0
5405,26406,1.0
5406,26407,2.0
5407,26408,2.0
5408,26409,2.0
5409,26410,1.0
5410,26411,1.0
5411,26412,1.0
5412,26413,2.0
5413,26414,2.0
5414,26415,2.0
5415,26416,2.0
5416,26417,2.0
5417,26418,1.0
5418,26419,2.0
5419,26420,2.0
5420,26421,2.0
5421,26422,0.0
5422,26423,1.0
5423,26424,2.0
5424,26425,2.0
5425,26426,1.0
5426,26427,2.0
5427,26428,1.0
5428,26429,2.0
5429,26430,0.0
5430,26431,0.0
5431,26432,1.0
5432,26433,2.0
5433,26434,2.0
5434,26435,2.0
5435,26436,2.0
5436,26437,2.0
5437,26438,1.0
5438,26439,2.0
5439,26440,2.0
5440,26441,2.0
5441,26442,1.0
5442,26443,2.0
5443,26444,2.0
5444,26445,0.0
5445,26446,2.0
5446,26447,1.0
5447,26448,2.0
5448,26449,1.0
5449,26450,2.0
5450,26451,1.0
5451,26452,1.0
5452,26453,2.0
5453,26454,2.0
5454,26455,2.0
5455,26456,2.0
